fname,label
aef8dcf5_nohash_0.wav,yes
c842b5e4_nohash_0.wav,yes
39a12648_nohash_3.wav,yes
563aa4e6_nohash_0.wav,yes
f839238a_nohash_0.wav,yes
f92e49f3_nohash_3.wav,yes
4a4e28f1_nohash_0.wav,yes
f92e49f3_nohash_0.wav,yes
1746d7b6_nohash_1.wav,yes
86402da1_nohash_0.wav,yes
f4cae173_nohash_0.wav,yes
7fd25f7c_nohash_3.wav,yes
7fd25f7c_nohash_2.wav,yes
a4e8a997_nohash_0.wav,yes
c099668c_nohash_2.wav,yes
e6db3894_nohash_1.wav,yes
563aa4e6_nohash_4.wav,yes
333784b7_nohash_1.wav,yes
da2c5f1b_nohash_2.wav,yes
c392e01d_nohash_2.wav,yes
1dce06e8_nohash_0.wav,yes
106a6183_nohash_2.wav,yes
96c67073_nohash_1.wav,yes
6f1ffef6_nohash_0.wav,yes
563aa4e6_nohash_1.wav,yes
587f3271_nohash_0.wav,yes
96c67073_nohash_0.wav,yes
686d030b_nohash_0.wav,yes
7cfb1618_nohash_0.wav,yes
ad63d93c_nohash_4.wav,yes
8012c69d_nohash_3.wav,yes
b8897f1c_nohash_0.wav,yes
f8ad3941_nohash_1.wav,yes
f8ad3941_nohash_0.wav,yes
4290ca61_nohash_0.wav,yes
1746d7b6_nohash_0.wav,yes
7fd25f7c_nohash_4.wav,yes
327289eb_nohash_0.wav,yes
5ff3f9a1_nohash_1.wav,yes
7f74626f_nohash_3.wav,yes
51055bda_nohash_1.wav,yes
5ff3f9a1_nohash_0.wav,yes
363c6bad_nohash_1.wav,yes
d55aa56c_nohash_0.wav,yes
eefd26f3_nohash_0.wav,yes
64da5281_nohash_1.wav,yes
3f2b358d_nohash_1.wav,up
8134f43f_nohash_3.wav,unknown
876c84d6_nohash_0.wav,yes
460f2bad_nohash_0.wav,yes
3ae5c04f_nohash_1.wav,yes
7eee5973_nohash_0.wav,yes
8012c69d_nohash_4.wav,yes
86402da1_nohash_2.wav,yes
26e573a9_nohash_0.wav,yes
c392e01d_nohash_0.wav,yes
5f814c23_nohash_1.wav,yes
f92e49f3_nohash_4.wav,yes
ad63d93c_nohash_2.wav,yes
42ccb57a_nohash_0.wav,yes
ad63d93c_nohash_3.wav,yes
44f68a83_nohash_1.wav,yes
5f814c23_nohash_0.wav,unknown
b5935410_nohash_0.wav,yes
d9b50b8b_nohash_0.wav,yes
1528225c_nohash_1.wav,yes
924c1a04_nohash_0.wav,yes
8134f43f_nohash_2.wav,yes
23ad12d8_nohash_0.wav,yes
d1a4fb3f_nohash_0.wav,yes
363c6bad_nohash_4.wav,yes
3209ec42_nohash_1.wav,yes
3ae5c04f_nohash_0.wav,yes
541120c7_nohash_0.wav,yes
bdee441c_nohash_0.wav,yes
2e0d80f7_nohash_0.wav,yes
363c6bad_nohash_3.wav,yes
a0f93943_nohash_0.wav,yes
7fd25f7c_nohash_1.wav,yes
8134f43f_nohash_0.wav,yes
363c6bad_nohash_0.wav,yes
7f74626f_nohash_4.wav,yes
51055bda_nohash_0.wav,yes
a3fc7884_nohash_0.wav,yes
72320401_nohash_2.wav,yes
8134f43f_nohash_4.wav,yes
c099668c_nohash_1.wav,yes
750e3e75_nohash_0.wav,yes
0ac15fe9_nohash_0.wav,yes
4f2be90f_nohash_0.wav,yes
a3fc7884_nohash_1.wav,yes
b84f83d2_nohash_1.wav,yes
563aa4e6_nohash_2.wav,yes
86402da1_nohash_1.wav,yes
093f65a1_nohash_1.wav,yes
106a6183_nohash_4.wav,yes
563aa4e6_nohash_3.wav,yes
e900b652_nohash_0.wav,yes
964e8cfd_nohash_0.wav,left
af405b69_nohash_0.wav,yes
48bdc11c_nohash_0.wav,yes
31d31fa0_nohash_0.wav,yes
b93528e3_nohash_0.wav,yes
9efe5140_nohash_1.wav,yes
64da5281_nohash_0.wav,yes
363c6bad_nohash_5.wav,yes
56f8a100_nohash_0.wav,yes
d33df435_nohash_0.wav,yes
106a6183_nohash_1.wav,yes
bdee441c_nohash_2.wav,yes
39a12648_nohash_2.wav,down
016e2c6d_nohash_0.wav,yes
72320401_nohash_1.wav,yes
7f74626f_nohash_0.wav,yes
e900b652_nohash_3.wav,yes
7f74626f_nohash_2.wav,yes
333784b7_nohash_3.wav,yes
afd53389_nohash_0.wav,yes
39a12648_nohash_1.wav,yes
d4d898d7_nohash_0.wav,yes
686d030b_nohash_3.wav,yes
51055bda_nohash_3.wav,yes
964e8cfd_nohash_1.wav,yes
333784b7_nohash_0.wav,yes
5b09db89_nohash_1.wav,yes
695c2127_nohash_0.wav,silence
51055bda_nohash_4.wav,yes
4290ca61_nohash_1.wav,yes
695c2127_nohash_1.wav,yes
c099668c_nohash_0.wav,yes
da2c5f1b_nohash_0.wav,yes
173e6bbf_nohash_0.wav,yes
035de8fe_nohash_0.wav,yes
686d030b_nohash_2.wav,yes
106a6183_nohash_3.wav,yes
c24d96eb_nohash_1.wav,yes
5b09db89_nohash_3.wav,yes
eb6dab4a_nohash_0.wav,yes
44f68a83_nohash_0.wav,yes
f839238a_nohash_1.wav,yes
434a267c_nohash_0.wav,yes
483e2a6f_nohash_1.wav,yes
e8e960fd_nohash_2.wav,yes
8012c69d_nohash_0.wav,yes
39a12648_nohash_0.wav,down
fe291fa9_nohash_0.wav,yes
41dce6f5_nohash_0.wav,yes
8a28231e_nohash_2.wav,yes
333784b7_nohash_4.wav,yes
f92e49f3_nohash_2.wav,yes
2167c2ed_nohash_0.wav,yes
e6db3894_nohash_0.wav,yes
3f2b358d_nohash_2.wav,yes
6078eb0d_nohash_0.wav,yes
5b09db89_nohash_0.wav,yes
c392e01d_nohash_1.wav,yes
d57febf0_nohash_0.wav,yes
106a6183_nohash_0.wav,yes
1528225c_nohash_2.wav,yes
964e8cfd_nohash_4.wav,left
a0f93943_nohash_1.wav,yes
ad63d93c_nohash_0.wav,yes
f2dd248e_nohash_0.wav,yes
bdee441c_nohash_1.wav,yes
d1a4fb3f_nohash_1.wav,yes
66aa0f29_nohash_0.wav,yes
483e2a6f_nohash_0.wav,yes
8a28231e_nohash_3.wav,yes
3209ec42_nohash_0.wav,yes
5b09db89_nohash_2.wav,yes
8a28231e_nohash_1.wav,yes
409c962a_nohash_0.wav,yes
8012c69d_nohash_2.wav,yes
6b889021_nohash_0.wav,yes
bdee441c_nohash_3.wav,yes
52e228e9_nohash_0.wav,yes
8012c69d_nohash_1.wav,yes
2b3f509b_nohash_0.wav,yes
6c9223bd_nohash_0.wav,yes
f4cae173_nohash_1.wav,yes
e8e960fd_nohash_1.wav,yes
e8e960fd_nohash_0.wav,yes
5f814c23_nohash_2.wav,yes
1528225c_nohash_0.wav,yes
093f65a1_nohash_0.wav,yes
39a12648_nohash_4.wav,yes
ae71797c_nohash_0.wav,yes
964e8cfd_nohash_3.wav,yes
b15fc37d_nohash_0.wav,yes
8a28231e_nohash_0.wav,yes
d9b8fab2_nohash_0.wav,yes
327289eb_nohash_1.wav,yes
ad63d93c_nohash_1.wav,yes
928cc2ef_nohash_0.wav,yes
c24d96eb_nohash_0.wav,yes
f3957e23_nohash_0.wav,yes
3efa7ec4_nohash_0.wav,yes
94e6864f_nohash_0.wav,yes
686d030b_nohash_4.wav,yes
dce05676_nohash_0.wav,yes
b84f83d2_nohash_0.wav,yes
2d82a556_nohash_0.wav,yes
7096522d_nohash_0.wav,yes
8c7b691a_nohash_0.wav,yes
7fd25f7c_nohash_0.wav,yes
bed06fac_nohash_0.wav,yes
da8fa823_nohash_0.wav,yes
8134f43f_nohash_1.wav,left
363c6bad_nohash_2.wav,yes
0ea0e2f4_nohash_0.wav,yes
c86d4fd4_nohash_0.wav,yes
ad6a46f1_nohash_0.wav,yes
b93528e3_nohash_1.wav,yes
f92e49f3_nohash_1.wav,yes
72320401_nohash_0.wav,yes
7f74626f_nohash_1.wav,yes
e900b652_nohash_2.wav,yes
333784b7_nohash_2.wav,yes
686d030b_nohash_1.wav,yes
3f2b358d_nohash_3.wav,up
9efe5140_nohash_0.wav,yes
778a4a01_nohash_0.wav,yes
3f2b358d_nohash_0.wav,no
e900b652_nohash_1.wav,yes
da2c5f1b_nohash_1.wav,yes
a13e0a74_nohash_0.wav,yes
51055bda_nohash_2.wav,yes
964e8cfd_nohash_2.wav,right
f92e49f3_nohash_0.wav,up
3d6bee47_nohash_1.wav,unknown
7096522d_nohash_1.wav,off
23ad12d8_nohash_1.wav,unknown
3852fca2_nohash_3.wav,unknown
686d030b_nohash_0.wav,unknown
0ac15fe9_nohash_2.wav,unknown
74b73f88_nohash_0.wav,unknown
981e2a16_nohash_1.wav,unknown
541120c7_nohash_0.wav,unknown
2e0d80f7_nohash_0.wav,unknown
52e228e9_nohash_1.wav,unknown
d4d898d7_nohash_0.wav,unknown
3852fca2_nohash_2.wav,unknown
721f767c_nohash_0.wav,unknown
333784b7_nohash_0.wav,unknown
c7aa72e6_nohash_1.wav,unknown
5b09db89_nohash_0.wav,unknown
0ac15fe9_nohash_3.wav,unknown
e62056e2_nohash_0.wav,unknown
afd53389_nohash_1.wav,unknown
94e6864f_nohash_0.wav,unknown
721f767c_nohash_2.wav,unknown
8c7b691a_nohash_0.wav,unknown
ad6a46f1_nohash_1.wav,unknown
ad6a46f1_nohash_0.wav,unknown
b93528e3_nohash_1.wav,unknown
72320401_nohash_0.wav,unknown
778a4a01_nohash_0.wav,unknown
1890e5c3_nohash_1.wav,unknown
78102205_nohash_1.wav,unknown
7cfb1618_nohash_0.wav,unknown
0cd323ec_nohash_3.wav,unknown
0ac15fe9_nohash_2.wav,unknown
a4e8a997_nohash_1.wav,unknown
460f2bad_nohash_0.wav,unknown
016e2c6d_nohash_1.wav,unknown
6166ae21_nohash_2.wav,unknown
b5935410_nohash_0.wav,unknown
23ad12d8_nohash_0.wav,unknown
e2286c18_nohash_0.wav,unknown
0ac15fe9_nohash_1.wav,unknown
51055bda_nohash_0.wav,unknown
a3fc7884_nohash_1.wav,unknown
b84f83d2_nohash_1.wav,unknown
86402da1_nohash_1.wav,unknown
af405b69_nohash_0.wav,unknown
48bdc11c_nohash_0.wav,unknown
7eee5973_nohash_1.wav,unknown
7f74626f_nohash_0.wav,unknown
af405b69_nohash_1.wav,unknown
fe291fa9_nohash_1.wav,unknown
434a267c_nohash_0.wav,unknown
41dce6f5_nohash_0.wav,unknown
0cd323ec_nohash_2.wav,unknown
2167c2ed_nohash_0.wav,unknown
e6db3894_nohash_0.wav,unknown
6078eb0d_nohash_0.wav,unknown
106a6183_nohash_0.wav,unknown
0cd323ec_nohash_1.wav,unknown
483e2a6f_nohash_0.wav,unknown
afd53389_nohash_1.wav,unknown
6a014b29_nohash_0.wav,unknown
2d82a556_nohash_0.wav,unknown
08ab8082_nohash_1.wav,unknown
0ea0e2f4_nohash_0.wav,unknown
a2473d62_nohash_0.wav,unknown
aef8dcf5_nohash_0.wav,unknown
39a12648_nohash_3.wav,unknown
4a4e28f1_nohash_0.wav,unknown
b665723d_nohash_1.wav,unknown
587f3271_nohash_1.wav,unknown
6021f08b_nohash_1.wav,unknown
563aa4e6_nohash_1.wav,unknown
b8897f1c_nohash_0.wav,unknown
a0a8d759_nohash_1.wav,unknown
b665723d_nohash_0.wav,unknown
eefd26f3_nohash_0.wav,unknown
c392e01d_nohash_0.wav,unknown
ad63d93c_nohash_2.wav,unknown
a9b574b3_nohash_0.wav,unknown
5f814c23_nohash_0.wav,unknown
1528225c_nohash_1.wav,unknown
876c84d6_nohash_1.wav,unknown
25c14394_nohash_1.wav,unknown
a0f93943_nohash_0.wav,unknown
7fd25f7c_nohash_1.wav,unknown
bdb26021_nohash_0.wav,unknown
17cc40ee_nohash_0.wav,unknown
4407ba92_nohash_1.wav,unknown
0ac15fe9_nohash_0.wav,unknown
bdee441c_nohash_2.wav,unknown
afd53389_nohash_0.wav,unknown
39a12648_nohash_1.wav,unknown
0cd323ec_nohash_0.wav,on
8dc26a15_nohash_0.wav,unknown
53fd1780_nohash_1.wav,unknown
964e8cfd_nohash_1.wav,unknown
333784b7_nohash_0.wav,unknown
51055bda_nohash_4.wav,go
2e73212b_nohash_0.wav,unknown
5b09db89_nohash_3.wav,unknown
44f68a83_nohash_0.wav,unknown
876c84d6_nohash_3.wav,unknown
333784b7_nohash_4.wav,unknown
f92e49f3_nohash_2.wav,unknown
e6db3894_nohash_0.wav,unknown
964e8cfd_nohash_4.wav,unknown
bdee441c_nohash_3.wav,off
f4cae173_nohash_1.wav,on
1528225c_nohash_0.wav,unknown
ad63d93c_nohash_1.wav,silence
7fd25f7c_nohash_0.wav,unknown
d57febf0_nohash_1.wav,unknown
f92e49f3_nohash_1.wav,unknown
7f74626f_nohash_1.wav,unknown
686d030b_nohash_1.wav,unknown
778a4a01_nohash_0.wav,unknown
51055bda_nohash_2.wav,off
7096522d_nohash_2.wav,unknown
964e8cfd_nohash_2.wav,unknown
f104f742_nohash_0.wav,unknown
4407ba92_nohash_0.wav,left
aef8dcf5_nohash_0.wav,left
c842b5e4_nohash_0.wav,up
d7a58714_nohash_0.wav,left
39a12648_nohash_3.wav,off
563aa4e6_nohash_0.wav,left
f92e49f3_nohash_3.wav,left
f92e49f3_nohash_0.wav,left
6f1ffef6_nohash_1.wav,left
f4cae173_nohash_0.wav,left
7fd25f7c_nohash_3.wav,left
7fd25f7c_nohash_2.wav,left
1890e5c3_nohash_1.wav,left
563aa4e6_nohash_4.wav,left
333784b7_nohash_1.wav,left
587f3271_nohash_1.wav,left
c392e01d_nohash_2.wav,left
1dce06e8_nohash_0.wav,left
7de97453_nohash_0.wav,left
106a6183_nohash_2.wav,left
6f1ffef6_nohash_0.wav,left
563aa4e6_nohash_1.wav,left
c37a72d3_nohash_2.wav,left
587f3271_nohash_0.wav,left
a8cf01bc_nohash_3.wav,left
686d030b_nohash_0.wav,left
7cfb1618_nohash_0.wav,left
f7b43563_nohash_1.wav,left
ad63d93c_nohash_4.wav,left
8012c69d_nohash_3.wav,left
a0a8d759_nohash_1.wav,left
dc6e9c04_nohash_3.wav,left
a8cf01bc_nohash_0.wav,left
f8ad3941_nohash_0.wav,left
4290ca61_nohash_0.wav,left
b665723d_nohash_0.wav,left
7fd25f7c_nohash_4.wav,left
7f74626f_nohash_3.wav,unknown
51055bda_nohash_1.wav,left
363c6bad_nohash_1.wav,left
d55aa56c_nohash_0.wav,left
eefd26f3_nohash_0.wav,left
3852fca2_nohash_0.wav,left
778a4a01_nohash_1.wav,left
64da5281_nohash_1.wav,left
5b09db89_nohash_4.wav,left
3f2b358d_nohash_1.wav,up
8134f43f_nohash_3.wav,left
a8cf01bc_nohash_2.wav,left
876c84d6_nohash_0.wav,left
460f2bad_nohash_0.wav,left
3ae5c04f_nohash_1.wav,left
7eee5973_nohash_0.wav,left
74b73f88_nohash_0.wav,left
c71e3acc_nohash_0.wav,left
8012c69d_nohash_4.wav,left
bdee441c_nohash_4.wav,left
937b433e_nohash_0.wav,left
26e573a9_nohash_0.wav,left
c392e01d_nohash_0.wav,left
5f814c23_nohash_1.wav,left
f92e49f3_nohash_4.wav,left
ad63d93c_nohash_2.wav,left
a2473d62_nohash_2.wav,left
a9b574b3_nohash_0.wav,left
1d1fe0a0_nohash_0.wav,left
42ccb57a_nohash_0.wav,left
ad63d93c_nohash_3.wav,left
5f814c23_nohash_0.wav,left
3f6ba067_nohash_0.wav,left
dc6e9c04_nohash_2.wav,left
924c1a04_nohash_0.wav,left
8134f43f_nohash_2.wav,left
d1a4fb3f_nohash_0.wav,left
fc28c8d8_nohash_1.wav,left
3ae5c04f_nohash_0.wav,left
825f450d_nohash_3.wav,left
fc28c8d8_nohash_0.wav,left
19e98e89_nohash_0.wav,left
bdee441c_nohash_0.wav,left
460f2bad_nohash_1.wav,left
e2286c18_nohash_0.wav,left
dc6e9c04_nohash_1.wav,left
363c6bad_nohash_3.wav,left
a0f93943_nohash_0.wav,left
ea356919_nohash_0.wav,left
7fd25f7c_nohash_1.wav,left
3477fab6_nohash_0.wav,left
8134f43f_nohash_0.wav,left
363c6bad_nohash_0.wav,left
7f74626f_nohash_4.wav,stop
51055bda_nohash_0.wav,left
cfde27ba_nohash_0.wav,left
a3fc7884_nohash_0.wav,left
88053e92_nohash_0.wav,left
eefd26f3_nohash_1.wav,left
6166ae21_nohash_0.wav,left
c86d4fd4_nohash_1.wav,left
8134f43f_nohash_4.wav,left
0ac15fe9_nohash_0.wav,left
4f2be90f_nohash_0.wav,left
97e0c576_nohash_0.wav,left
42ccb57a_nohash_1.wav,left
563aa4e6_nohash_2.wav,left
106a6183_nohash_4.wav,left
563aa4e6_nohash_3.wav,left
e900b652_nohash_0.wav,left
964e8cfd_nohash_0.wav,left
48bdc11c_nohash_0.wav,left
31d31fa0_nohash_0.wav,left
825f450d_nohash_2.wav,left
64da5281_nohash_0.wav,left
a8cf01bc_nohash_1.wav,left
f7b43563_nohash_0.wav,left
56f8a100_nohash_0.wav,left
d33df435_nohash_0.wav,left
f7b43563_nohash_2.wav,left
9a3f97f8_nohash_0.wav,left
106a6183_nohash_1.wav,left
bdee441c_nohash_2.wav,left
39a12648_nohash_2.wav,left
016e2c6d_nohash_0.wav,left
7f74626f_nohash_0.wav,unknown
7f74626f_nohash_2.wav,left
333784b7_nohash_3.wav,left
39a12648_nohash_1.wav,left
d4d898d7_nohash_0.wav,left
8c7c9168_nohash_2.wav,left
686d030b_nohash_3.wav,left
51055bda_nohash_3.wav,left
53fd1780_nohash_1.wav,left
bdee441c_nohash_5.wav,left
964e8cfd_nohash_1.wav,left
333784b7_nohash_0.wav,left
5b09db89_nohash_1.wav,left
695c2127_nohash_0.wav,left
6021f08b_nohash_0.wav,left
51055bda_nohash_4.wav,left
695c2127_nohash_1.wav,left
2e73212b_nohash_0.wav,left
b1114e4f_nohash_0.wav,left
c099668c_nohash_0.wav,left
6166ae21_nohash_1.wav,left
173e6bbf_nohash_0.wav,left
035de8fe_nohash_0.wav,left
c37a72d3_nohash_3.wav,left
686d030b_nohash_2.wav,left
106a6183_nohash_3.wav,left
5b09db89_nohash_3.wav,left
dc6e9c04_nohash_0.wav,left
8c7c9168_nohash_0.wav,left
a0a8d759_nohash_0.wav,left
8012c69d_nohash_0.wav,left
39a12648_nohash_0.wav,unknown
333784b7_nohash_4.wav,left
08ab8082_nohash_0.wav,left
f92e49f3_nohash_2.wav,left
3a789a0d_nohash_1.wav,left
1890e5c3_nohash_0.wav,left
2167c2ed_nohash_0.wav,left
7cfb1618_nohash_1.wav,left
53fd1780_nohash_0.wav,left
6078eb0d_nohash_0.wav,left
5b09db89_nohash_0.wav,left
18a1aab9_nohash_1.wav,left
c392e01d_nohash_1.wav,left
106a6183_nohash_0.wav,left
34ba417a_nohash_0.wav,left
964e8cfd_nohash_4.wav,left
8c7c9168_nohash_1.wav,left
ad63d93c_nohash_0.wav,left
bdee441c_nohash_1.wav,left
d1a4fb3f_nohash_1.wav,left
66aa0f29_nohash_0.wav,left
483e2a6f_nohash_0.wav,left
460f2bad_nohash_3.wav,left
c37a72d3_nohash_1.wav,left
5b09db89_nohash_2.wav,left
825f450d_nohash_1.wav,left
409c962a_nohash_0.wav,left
74b73f88_nohash_1.wav,left
8012c69d_nohash_2.wav,left
6b889021_nohash_0.wav,left
bdee441c_nohash_3.wav,left
a2473d62_nohash_1.wav,left
52e228e9_nohash_0.wav,left
8012c69d_nohash_1.wav,left
6b7d5101_nohash_0.wav,left
460f2bad_nohash_2.wav,left
2b3f509b_nohash_0.wav,no
6c9223bd_nohash_0.wav,left
e8e960fd_nohash_1.wav,left
e8e960fd_nohash_0.wav,left
f7b43563_nohash_3.wav,left
c37a72d3_nohash_0.wav,left
e62056e2_nohash_0.wav,left
5f814c23_nohash_2.wav,left
1528225c_nohash_0.wav,left
3d6bee47_nohash_0.wav,left
093f65a1_nohash_0.wav,left
39a12648_nohash_4.wav,left
ae71797c_nohash_0.wav,left
964e8cfd_nohash_3.wav,left
42ccb57a_nohash_2.wav,left
b15fc37d_nohash_0.wav,left
34ba417a_nohash_1.wav,left
ad63d93c_nohash_1.wav,left
c24d96eb_nohash_0.wav,left
f3957e23_nohash_0.wav,left
3efa7ec4_nohash_0.wav,left
035de8fe_nohash_1.wav,left
94e6864f_nohash_0.wav,left
686d030b_nohash_4.wav,left
dce05676_nohash_0.wav,left
b84f83d2_nohash_0.wav,left
6a014b29_nohash_0.wav,left
2d82a556_nohash_0.wav,left
7096522d_nohash_0.wav,left
7fd25f7c_nohash_0.wav,left
88053e92_nohash_1.wav,left
08ab8082_nohash_1.wav,left
d4d898d7_nohash_1.wav,left
bed06fac_nohash_0.wav,left
8134f43f_nohash_1.wav,right
363c6bad_nohash_2.wav,left
0ea0e2f4_nohash_0.wav,left
3a789a0d_nohash_0.wav,left
c86d4fd4_nohash_0.wav,left
f92e49f3_nohash_1.wav,left
18a1aab9_nohash_0.wav,left
a2473d62_nohash_0.wav,left
72320401_nohash_0.wav,left
7f74626f_nohash_1.wav,left
333784b7_nohash_2.wav,left
686d030b_nohash_1.wav,unknown
c692524d_nohash_0.wav,left
825f450d_nohash_0.wav,left
778a4a01_nohash_0.wav,left
3f2b358d_nohash_0.wav,up
a13e0a74_nohash_0.wav,left
2b3f509b_nohash_1.wav,unknown
51055bda_nohash_2.wav,left
964e8cfd_nohash_2.wav,left
f104f742_nohash_0.wav,left
721f767c_nohash_1.wav,unknown
39a12648_nohash_3.wav,unknown
563aa4e6_nohash_0.wav,unknown
86402da1_nohash_0.wav,unknown
1dce06e8_nohash_0.wav,unknown
587f3271_nohash_0.wav,unknown
8012c69d_nohash_3.wav,unknown
b8897f1c_nohash_0.wav,unknown
f8ad3941_nohash_0.wav,unknown
c7aa72e6_nohash_0.wav,off
327289eb_nohash_0.wav,unknown
3852fca2_nohash_0.wav,unknown
a4e8a997_nohash_1.wav,unknown
3f2b358d_nohash_1.wav,yes
8134f43f_nohash_3.wav,unknown
42ccb57a_nohash_0.wav,unknown
4f2be90f_nohash_1.wav,unknown
fc28c8d8_nohash_1.wav,unknown
0e17f595_nohash_0.wav,unknown
51055bda_nohash_0.wav,unknown
cfde27ba_nohash_0.wav,unknown
eefd26f3_nohash_1.wav,unknown
4f2be90f_nohash_0.wav,unknown
093f65a1_nohash_1.wav,unknown
37fc5d97_nohash_1.wav,unknown
563aa4e6_nohash_3.wav,unknown
31d31fa0_nohash_0.wav,unknown
39a12648_nohash_2.wav,unknown
ae71797c_nohash_1.wav,unknown
afd53389_nohash_0.wav,unknown
d4d898d7_nohash_0.wav,unknown
0cd323ec_nohash_0.wav,on
3ae5c04f_nohash_2.wav,unknown
035de8fe_nohash_0.wav,unknown
c24d96eb_nohash_1.wav,unknown
14df1e28_nohash_0.wav,on
8012c69d_nohash_0.wav,unknown
fe291fa9_nohash_0.wav,unknown
1890e5c3_nohash_0.wav,unknown
964e8cfd_nohash_4.wav,right
4f2be90f_nohash_2.wav,unknown
2b3f509b_nohash_0.wav,unknown
d55aa56c_nohash_1.wav,unknown
b15fc37d_nohash_0.wav,unknown
8a28231e_nohash_0.wav,unknown
ad63d93c_nohash_1.wav,unknown
94e6864f_nohash_0.wav,unknown
686d030b_nohash_4.wav,unknown
7fd25f7c_nohash_0.wav,unknown
8134f43f_nohash_1.wav,unknown
f92e49f3_nohash_1.wav,unknown
10f2bb12_nohash_0.wav,unknown
f92e49f3_nohash_0.wav,unknown
6b7d5101_nohash_1.wav,unknown
4290ca61_nohash_0.wav,unknown
327289eb_nohash_0.wav,unknown
3efa7ec4_nohash_2.wav,unknown
a4e8a997_nohash_1.wav,unknown
b1114e4f_nohash_1.wav,unknown
3b853f44_nohash_1.wav,unknown
23ad12d8_nohash_0.wav,unknown
25c14394_nohash_1.wav,unknown
e2286c18_nohash_0.wav,unknown
17cc40ee_nohash_0.wav,unknown
8134f43f_nohash_0.wav,unknown
3b853f44_nohash_0.wav,unknown
64da5281_nohash_0.wav,unknown
016e2c6d_nohash_0.wav,unknown
6d2d3b0d_nohash_0.wav,unknown
b15fc37d_nohash_1.wav,unknown
53fd1780_nohash_1.wav,unknown
6d2d3b0d_nohash_2.wav,unknown
8c7c9168_nohash_0.wav,unknown
41dce6f5_nohash_1.wav,unknown
26e573a9_nohash_2.wav,unknown
6c9223bd_nohash_1.wav,unknown
483e2a6f_nohash_0.wav,unknown
3209ec42_nohash_0.wav,unknown
b1114e4f_nohash_2.wav,unknown
f3957e23_nohash_0.wav,unknown
25c14394_nohash_0.wav,unknown
f104f742_nohash_0.wav,unknown
d7a58714_nohash_0.wav,unknown
563aa4e6_nohash_0.wav,left
ae71797c_nohash_2.wav,unknown
a4e8a997_nohash_0.wav,unknown
1dce06e8_nohash_0.wav,unknown
7de97453_nohash_0.wav,unknown
924c1a04_nohash_1.wav,unknown
3e7124ba_nohash_0.wav,silence
924c1a04_nohash_0.wav,unknown
2e73212b_nohash_1.wav,unknown
4f2be90f_nohash_0.wav,unknown
b84f83d2_nohash_1.wav,unknown
016e2c6d_nohash_0.wav,unknown
8dc26a15_nohash_0.wav,unknown
b1114e4f_nohash_0.wav,unknown
56f8a100_nohash_1.wav,unknown
8012c69d_nohash_0.wav,unknown
39a12648_nohash_0.wav,up
937b433e_nohash_2.wav,unknown
53fd1780_nohash_0.wav,unknown
b5935410_nohash_1.wav,unknown
ad63d93c_nohash_0.wav,unknown
dd086776_nohash_2.wav,unknown
66aa0f29_nohash_0.wav,unknown
409c962a_nohash_0.wav,unknown
6b889021_nohash_0.wav,unknown
7de97453_nohash_1.wav,unknown
541120c7_nohash_2.wav,unknown
18a1aab9_nohash_0.wav,unknown
563aa4e6_nohash_0.wav,unknown
1746d7b6_nohash_1.wav,unknown
6f1ffef6_nohash_1.wav,unknown
7fd25f7c_nohash_3.wav,unknown
c392e01d_nohash_3.wav,unknown
96c67073_nohash_1.wav,unknown
96c67073_nohash_0.wav,unknown
686d030b_nohash_0.wav,unknown
ad63d93c_nohash_4.wav,unknown
b8897f1c_nohash_0.wav,unknown
51055bda_nohash_1.wav,unknown
434a267c_nohash_1.wav,unknown
8134f43f_nohash_3.wav,unknown
3ae5c04f_nohash_1.wav,unknown
74b73f88_nohash_0.wav,unknown
bdee441c_nohash_4.wav,unknown
26e573a9_nohash_0.wav,unknown
3ae5c04f_nohash_0.wav,unknown
541120c7_nohash_0.wav,unknown
a3fc7884_nohash_1.wav,unknown
86402da1_nohash_1.wav,unknown
3efa7ec4_nohash_1.wav,unknown
e900b652_nohash_0.wav,unknown
ae71797c_nohash_1.wav,right
5b09db89_nohash_1.wav,unknown
eb6dab4a_nohash_0.wav,unknown
434a267c_nohash_0.wav,unknown
39a12648_nohash_0.wav,unknown
1890e5c3_nohash_0.wav,unknown
7cfb1618_nohash_1.wav,unknown
6078eb0d_nohash_0.wav,unknown
964e8cfd_nohash_4.wav,unknown
66aa0f29_nohash_0.wav,unknown
5b09db89_nohash_2.wav,unknown
2b3f509b_nohash_0.wav,unknown
e8e960fd_nohash_0.wav,unknown
3d6bee47_nohash_0.wav,unknown
ae71797c_nohash_0.wav,unknown
94e6864f_nohash_0.wav,unknown
7096522d_nohash_0.wav,unknown
e62056e2_nohash_1.wav,unknown
8c7b691a_nohash_1.wav,unknown
bed06fac_nohash_0.wav,unknown
8134f43f_nohash_1.wav,unknown
b93528e3_nohash_1.wav,no
f92e49f3_nohash_1.wav,unknown
6078eb0d_nohash_1.wav,unknown
6f1ffef6_nohash_3.wav,unknown
9efe5140_nohash_0.wav,unknown
aef8dcf5_nohash_0.wav,unknown
c842b5e4_nohash_0.wav,unknown
8dc26a15_nohash_1.wav,unknown
b665723d_nohash_1.wav,unknown
e6db3894_nohash_1.wav,unknown
66aa0f29_nohash_1.wav,unknown
587f3271_nohash_0.wav,unknown
686d030b_nohash_0.wav,unknown
b8897f1c_nohash_0.wav,unknown
a0a8d759_nohash_1.wav,unknown
f8ad3941_nohash_1.wav,unknown
460f2bad_nohash_0.wav,unknown
3ae5c04f_nohash_1.wav,unknown
1625acd8_nohash_2.wav,unknown
42ccb57a_nohash_0.wav,unknown
d1a4fb3f_nohash_0.wav,unknown
3209ec42_nohash_1.wav,unknown
fc28c8d8_nohash_0.wav,unknown
cfde27ba_nohash_0.wav,unknown
dd086776_nohash_0.wav,unknown
7f74626f_nohash_0.wav,unknown
d4d898d7_nohash_0.wav,unknown
a0a8d759_nohash_0.wav,unknown
39a12648_nohash_0.wav,unknown
08ab8082_nohash_0.wav,unknown
18a1aab9_nohash_1.wav,unknown
1625acd8_nohash_0.wav,unknown
b5935410_nohash_1.wav,unknown
2b3f509b_nohash_0.wav,unknown
6c9223bd_nohash_0.wav,unknown
c37a72d3_nohash_0.wav,unknown
093f65a1_nohash_0.wav,unknown
d55aa56c_nohash_1.wav,unknown
b15fc37d_nohash_0.wav,unknown
f3957e23_nohash_0.wav,unknown
7fd25f7c_nohash_0.wav,unknown
3a789a0d_nohash_0.wav,unknown
2b3f509b_nohash_1.wav,unknown
1dce06e8_nohash_0.wav,unknown
6f1ffef6_nohash_0.wav,unknown
78102205_nohash_1.wav,unknown
6021f08b_nohash_2.wav,unknown
5ff3f9a1_nohash_1.wav,unknown
5ff3f9a1_nohash_0.wav,unknown
3852fca2_nohash_0.wav,unknown
64da5281_nohash_1.wav,unknown
7eee5973_nohash_0.wav,unknown
1d1fe0a0_nohash_0.wav,unknown
3ae5c04f_nohash_0.wav,unknown
dd086776_nohash_1.wav,unknown
bdee441c_nohash_0.wav,up
8134f43f_nohash_0.wav,go
c86d4fd4_nohash_1.wav,unknown
64da5281_nohash_0.wav,unknown
31d31fa0_nohash_1.wav,unknown
7f74626f_nohash_0.wav,stop
eefd26f3_nohash_3.wav,unknown
b15fc37d_nohash_1.wav,unknown
695c2127_nohash_0.wav,up
da2c5f1b_nohash_0.wav,unknown
035de8fe_nohash_0.wav,unknown
eb6dab4a_nohash_0.wav,unknown
8c7c9168_nohash_0.wav,unknown
39a12648_nohash_0.wav,unknown
6c9223bd_nohash_1.wav,unknown
a9b574b3_nohash_1.wav,unknown
d57febf0_nohash_0.wav,unknown
106a6183_nohash_0.wav,down
8c7c9168_nohash_1.wav,unknown
ad63d93c_nohash_0.wav,up
6c9223bd_nohash_0.wav,unknown
a13e0a74_nohash_1.wav,stop
2d82a556_nohash_0.wav,unknown
a2473d62_nohash_0.wav,unknown
aef8dcf5_nohash_0.wav,unknown
f92e49f3_nohash_3.wav,unknown
1746d7b6_nohash_1.wav,unknown
1dce06e8_nohash_0.wav,unknown
563aa4e6_nohash_1.wav,down
b8897f1c_nohash_0.wav,unknown
7fd25f7c_nohash_4.wav,unknown
5ff3f9a1_nohash_0.wav,on
778a4a01_nohash_1.wav,unknown
434a267c_nohash_1.wav,unknown
d4d898d7_nohash_3.wav,unknown
bdee441c_nohash_4.wav,unknown
d9b50b8b_nohash_0.wav,unknown
23ad12d8_nohash_0.wav,unknown
19e98e89_nohash_0.wav,unknown
8134f43f_nohash_0.wav,unknown
8134f43f_nohash_4.wav,unknown
97e0c576_nohash_0.wav,unknown
106a6183_nohash_4.wav,unknown
64da5281_nohash_0.wav,unknown
f7b43563_nohash_0.wav,unknown
37fc5d97_nohash_0.wav,unknown
39a12648_nohash_2.wav,unknown
333784b7_nohash_3.wav,unknown
af405b69_nohash_1.wav,unknown
afd53389_nohash_0.wav,unknown
6d2d3b0d_nohash_3.wav,unknown
51055bda_nohash_4.wav,unknown
6d2d3b0d_nohash_2.wav,unknown
964e8cfd_nohash_4.wav,unknown
876c84d6_nohash_2.wav,unknown
964e8cfd_nohash_3.wav,right
ad63d93c_nohash_1.wav,unknown
434a267c_nohash_4.wav,unknown
3efa7ec4_nohash_0.wav,unknown
ae71797c_nohash_4.wav,unknown
dce05676_nohash_0.wav,unknown
7fd25f7c_nohash_0.wav,unknown
da8fa823_nohash_0.wav,unknown
7f74626f_nohash_1.wav,unknown
c842b5e4_nohash_0.wav,unknown
f92e49f3_nohash_3.wav,unknown
7fd25f7c_nohash_2.wav,unknown
b8897f1c_nohash_0.wav,unknown
eefd26f3_nohash_0.wav,unknown
5b09db89_nohash_4.wav,unknown
8134f43f_nohash_3.wav,unknown
876c84d6_nohash_0.wav,unknown
c392e01d_nohash_0.wav,unknown
924c1a04_nohash_0.wav,unknown
8134f43f_nohash_2.wav,unknown
23ad12d8_nohash_0.wav,unknown
19e98e89_nohash_0.wav,unknown
8134f43f_nohash_0.wav,unknown
51055bda_nohash_0.wav,unknown
750e3e75_nohash_0.wav,unknown
31d31fa0_nohash_0.wav,unknown
64da5281_nohash_0.wav,unknown
f7b43563_nohash_0.wav,unknown
d33df435_nohash_0.wav,unknown
695c2127_nohash_0.wav,unknown
51055bda_nohash_4.wav,unknown
2e73212b_nohash_0.wav,unknown
da2c5f1b_nohash_0.wav,unknown
8c7c9168_nohash_0.wav,unknown
c71e3acc_nohash_1.wav,unknown
8012c69d_nohash_0.wav,unknown
53fd1780_nohash_0.wav,unknown
483e2a6f_nohash_0.wav,unknown
5b09db89_nohash_2.wav,unknown
6c9223bd_nohash_0.wav,unknown
c37a72d3_nohash_0.wav,unknown
ea356919_nohash_1.wav,unknown
94e6864f_nohash_0.wav,unknown
686d030b_nohash_4.wav,unknown
bed06fac_nohash_0.wav,unknown
ad6a46f1_nohash_0.wav,unknown
686d030b_nohash_1.wav,unknown
4407ba92_nohash_0.wav,stop
aef8dcf5_nohash_0.wav,stop
327289eb_nohash_2.wav,stop
8dc26a15_nohash_1.wav,stop
39a12648_nohash_3.wav,stop
563aa4e6_nohash_0.wav,stop
f92e49f3_nohash_3.wav,stop
4a4e28f1_nohash_0.wav,stop
f92e49f3_nohash_0.wav,stop
e5d2e09d_nohash_0.wav,stop
857366dd_nohash_0.wav,stop
1746d7b6_nohash_1.wav,stop
86402da1_nohash_0.wav,stop
e5d2e09d_nohash_2.wav,stop
7096522d_nohash_1.wav,stop
f4cae173_nohash_0.wav,stop
7fd25f7c_nohash_3.wav,stop
7fd25f7c_nohash_2.wav,stop
a4e8a997_nohash_0.wav,stop
1890e5c3_nohash_1.wav,stop
563aa4e6_nohash_4.wav,stop
333784b7_nohash_1.wav,stop
1dce06e8_nohash_0.wav,stop
106a6183_nohash_2.wav,stop
563aa4e6_nohash_1.wav,stop
587f3271_nohash_0.wav,stop
686d030b_nohash_0.wav,stop
ad63d93c_nohash_4.wav,up
8012c69d_nohash_3.wav,stop
a8cf01bc_nohash_0.wav,stop
f8ad3941_nohash_1.wav,stop
f8ad3941_nohash_0.wav,stop
c7aa72e6_nohash_0.wav,stop
4290ca61_nohash_0.wav,stop
1746d7b6_nohash_0.wav,stop
b665723d_nohash_0.wav,stop
7fd25f7c_nohash_4.wav,stop
327289eb_nohash_0.wav,stop
7f74626f_nohash_3.wav,stop
e2286c18_nohash_1.wav,stop
51055bda_nohash_1.wav,unknown
5ff3f9a1_nohash_0.wav,stop
eefd26f3_nohash_0.wav,stop
3852fca2_nohash_0.wav,stop
778a4a01_nohash_1.wav,stop
434a267c_nohash_1.wav,stop
a4e8a997_nohash_1.wav,stop
5b09db89_nohash_4.wav,stop
3f2b358d_nohash_1.wav,up
8134f43f_nohash_3.wav,stop
7eee5973_nohash_0.wav,stop
74b73f88_nohash_0.wav,stop
88053e92_nohash_2.wav,stop
c71e3acc_nohash_0.wav,stop
8012c69d_nohash_4.wav,stop
bdee441c_nohash_4.wav,stop
541120c7_nohash_1.wav,up
26e573a9_nohash_0.wav,stop
c392e01d_nohash_0.wav,stop
f92e49f3_nohash_4.wav,stop
ad63d93c_nohash_2.wav,stop
a2473d62_nohash_2.wav,stop
a9b574b3_nohash_0.wav,stop
ad63d93c_nohash_3.wav,stop
5f814c23_nohash_0.wav,stop
d9b50b8b_nohash_0.wav,stop
1528225c_nohash_1.wav,stop
8134f43f_nohash_2.wav,stop
d1a4fb3f_nohash_0.wav,stop
fc28c8d8_nohash_0.wav,stop
541120c7_nohash_0.wav,stop
19e98e89_nohash_0.wav,stop
bdee441c_nohash_0.wav,stop
2e0d80f7_nohash_0.wav,stop
e2286c18_nohash_0.wav,stop
0e17f595_nohash_0.wav,stop
ea356919_nohash_0.wav,stop
7fd25f7c_nohash_1.wav,unknown
17cc40ee_nohash_0.wav,stop
8134f43f_nohash_0.wav,stop
363c6bad_nohash_0.wav,stop
7f74626f_nohash_4.wav,stop
51055bda_nohash_0.wav,stop
cfde27ba_nohash_0.wav,stop
88053e92_nohash_0.wav,stop
eefd26f3_nohash_1.wav,stop
6166ae21_nohash_0.wav,stop
8134f43f_nohash_4.wav,stop
0ac15fe9_nohash_0.wav,stop
97e0c576_nohash_0.wav,stop
563aa4e6_nohash_2.wav,stop
86402da1_nohash_1.wav,stop
093f65a1_nohash_1.wav,stop
37fc5d97_nohash_1.wav,stop
106a6183_nohash_4.wav,stop
da8fa823_nohash_1.wav,stop
563aa4e6_nohash_3.wav,stop
e900b652_nohash_0.wav,stop
964e8cfd_nohash_0.wav,stop
52e228e9_nohash_1.wav,stop
6a014b29_nohash_2.wav,stop
48bdc11c_nohash_0.wav,stop
b93528e3_nohash_0.wav,stop
7eee5973_nohash_1.wav,stop
825f450d_nohash_2.wav,unknown
b93528e3_nohash_2.wav,stop
aef8dcf5_nohash_1.wav,stop
dd086776_nohash_0.wav,stop
37fc5d97_nohash_0.wav,stop
106a6183_nohash_1.wav,stop
bdee441c_nohash_2.wav,stop
39a12648_nohash_2.wav,stop
17cc40ee_nohash_1.wav,stop
7f74626f_nohash_0.wav,stop
7f74626f_nohash_2.wav,stop
333784b7_nohash_3.wav,stop
afd53389_nohash_0.wav,stop
39a12648_nohash_1.wav,stop
0cd323ec_nohash_0.wav,stop
6d2d3b0d_nohash_0.wav,stop
8dc26a15_nohash_0.wav,stop
686d030b_nohash_3.wav,stop
51055bda_nohash_3.wav,stop
721f767c_nohash_0.wav,stop
964e8cfd_nohash_1.wav,stop
333784b7_nohash_0.wav,stop
5b09db89_nohash_1.wav,go
51055bda_nohash_4.wav,stop
b1114e4f_nohash_0.wav,up
d9b50b8b_nohash_1.wav,stop
6d2d3b0d_nohash_1.wav,stop
eb6dab4a_nohash_1.wav,stop
6a014b29_nohash_1.wav,stop
da2c5f1b_nohash_0.wav,stop
035de8fe_nohash_0.wav,stop
686d030b_nohash_2.wav,stop
106a6183_nohash_3.wav,stop
5b09db89_nohash_3.wav,stop
eb6dab4a_nohash_0.wav,stop
dc6e9c04_nohash_0.wav,stop
44f68a83_nohash_0.wav,stop
434a267c_nohash_0.wav,stop
8012c69d_nohash_0.wav,stop
39a12648_nohash_0.wav,stop
fe291fa9_nohash_0.wav,stop
41dce6f5_nohash_0.wav,stop
333784b7_nohash_4.wav,stop
08ab8082_nohash_0.wav,stop
f92e49f3_nohash_2.wav,stop
1890e5c3_nohash_0.wav,stop
327289eb_nohash_3.wav,stop
e5d2e09d_nohash_1.wav,stop
53fd1780_nohash_0.wav,stop
6078eb0d_nohash_0.wav,stop
5b09db89_nohash_0.wav,stop
26e573a9_nohash_1.wav,stop
1dce06e8_nohash_1.wav,stop
d57febf0_nohash_0.wav,stop
106a6183_nohash_0.wav,stop
964e8cfd_nohash_4.wav,stop
d9b8fab2_nohash_1.wav,stop
0cd323ec_nohash_1.wav,stop
ad63d93c_nohash_0.wav,stop
f2dd248e_nohash_0.wav,stop
bdee441c_nohash_1.wav,stop
66aa0f29_nohash_0.wav,stop
483e2a6f_nohash_0.wav,stop
3209ec42_nohash_0.wav,stop
5b09db89_nohash_2.wav,stop
825f450d_nohash_1.wav,stop
8a28231e_nohash_1.wav,stop
409c962a_nohash_0.wav,stop
74b73f88_nohash_1.wav,stop
8012c69d_nohash_2.wav,stop
bdee441c_nohash_3.wav,stop
a2473d62_nohash_1.wav,stop
52e228e9_nohash_0.wav,stop
8012c69d_nohash_1.wav,stop
2b3f509b_nohash_0.wav,stop
6c9223bd_nohash_0.wav,stop
f4cae173_nohash_1.wav,stop
aef8dcf5_nohash_2.wav,stop
e8e960fd_nohash_0.wav,stop
e62056e2_nohash_0.wav,stop
1528225c_nohash_0.wav,stop
093f65a1_nohash_0.wav,stop
39a12648_nohash_4.wav,stop
964e8cfd_nohash_3.wav,stop
b15fc37d_nohash_0.wav,stop
e5d2e09d_nohash_3.wav,stop
8a28231e_nohash_0.wav,stop
d9b8fab2_nohash_0.wav,stop
327289eb_nohash_1.wav,stop
ad63d93c_nohash_1.wav,stop
c24d96eb_nohash_0.wav,stop
ea356919_nohash_1.wav,stop
434a267c_nohash_2.wav,stop
686d030b_nohash_4.wav,stop
b84f83d2_nohash_0.wav,stop
6a014b29_nohash_0.wav,stop
7096522d_nohash_0.wav,stop
7fd25f7c_nohash_0.wav,stop
88053e92_nohash_1.wav,stop
0e17f595_nohash_1.wav,stop
bed06fac_nohash_0.wav,stop
da8fa823_nohash_0.wav,stop
8134f43f_nohash_1.wav,go
0ea0e2f4_nohash_0.wav,stop
3a789a0d_nohash_0.wav,stop
c86d4fd4_nohash_0.wav,stop
b93528e3_nohash_1.wav,stop
f92e49f3_nohash_1.wav,stop
a2473d62_nohash_0.wav,stop
7f74626f_nohash_1.wav,stop
333784b7_nohash_2.wav,stop
37fc5d97_nohash_2.wav,stop
686d030b_nohash_1.wav,stop
825f450d_nohash_0.wav,stop
778a4a01_nohash_0.wav,stop
e5d2e09d_nohash_4.wav,stop
3f2b358d_nohash_0.wav,yes
25c14394_nohash_0.wav,stop
51055bda_nohash_2.wav,stop
964e8cfd_nohash_2.wav,stop
f104f742_nohash_0.wav,stop
2e0d80f7_nohash_1.wav,stop
10f2bb12_nohash_0.wav,stop
e2286c18_nohash_2.wav,stop
d7a58714_nohash_0.wav,unknown
563aa4e6_nohash_0.wav,unknown
f839238a_nohash_0.wav,unknown
e5d2e09d_nohash_0.wav,unknown
7de97453_nohash_0.wav,unknown
66aa0f29_nohash_1.wav,unknown
7cfb1618_nohash_0.wav,unknown
4290ca61_nohash_0.wav,unknown
1746d7b6_nohash_0.wav,unknown
5b09db89_nohash_4.wav,unknown
c392e01d_nohash_0.wav,unknown
5f814c23_nohash_0.wav,unknown
8134f43f_nohash_2.wav,unknown
d1a4fb3f_nohash_0.wav,unknown
19e98e89_nohash_0.wav,unknown
bdee441c_nohash_0.wav,unknown
c86d4fd4_nohash_1.wav,unknown
106a6183_nohash_4.wav,unknown
9efe5140_nohash_1.wav,unknown
64da5281_nohash_0.wav,unknown
7f74626f_nohash_2.wav,unknown
51055bda_nohash_3.wav,unknown
31d31fa0_nohash_2.wav,unknown
106a6183_nohash_3.wav,unknown
a0a8d759_nohash_0.wav,unknown
94e6864f_nohash_2.wav,unknown
e6db3894_nohash_0.wav,unknown
5b09db89_nohash_2.wav,go
94e6864f_nohash_0.wav,unknown
8c7b691a_nohash_0.wav,unknown
c24d96eb_nohash_2.wav,unknown
ad6a46f1_nohash_0.wav,unknown
9a3f97f8_nohash_2.wav,unknown
f104f742_nohash_0.wav,unknown
c842b5e4_nohash_0.wav,unknown
39a12648_nohash_3.wav,unknown
4a4e28f1_nohash_0.wav,unknown
857366dd_nohash_0.wav,unknown
7fd25f7c_nohash_2.wav,unknown
a4e8a997_nohash_0.wav,unknown
23ad12d8_nohash_1.wav,unknown
563aa4e6_nohash_4.wav,unknown
333784b7_nohash_1.wav,unknown
1dce06e8_nohash_0.wav,unknown
66aa0f29_nohash_1.wav,unknown
686d030b_nohash_0.wav,unknown
8012c69d_nohash_3.wav,unknown
a4e8a997_nohash_1.wav,unknown
88053e92_nohash_2.wav,unknown
c71e3acc_nohash_0.wav,unknown
b1114e4f_nohash_1.wav,on
ad63d93c_nohash_3.wav,unknown
8134f43f_nohash_2.wav,unknown
fc28c8d8_nohash_0.wav,unknown
dc6e9c04_nohash_1.wav,unknown
a0f93943_nohash_0.wav,unknown
0e17f595_nohash_0.wav,unknown
bdb26021_nohash_0.wav,unknown
51055bda_nohash_0.wav,unknown
4407ba92_nohash_1.wav,unknown
88053e92_nohash_0.wav,unknown
2e73212b_nohash_1.wav,unknown
8134f43f_nohash_4.wav,unknown
4f2be90f_nohash_0.wav,unknown
563aa4e6_nohash_2.wav,unknown
964e8cfd_nohash_0.wav,unknown
9a3f97f8_nohash_0.wav,unknown
7f74626f_nohash_0.wav,unknown
4290ca61_nohash_1.wav,unknown
dc6e9c04_nohash_0.wav,unknown
f92e49f3_nohash_2.wav,unknown
d1a4fb3f_nohash_1.wav,unknown
66aa0f29_nohash_0.wav,unknown
6b7d5101_nohash_0.wav,unknown
6c9223bd_nohash_0.wav,unknown
a13e0a74_nohash_1.wav,unknown
19e98e89_nohash_1.wav,unknown
7096522d_nohash_0.wav,unknown
8134f43f_nohash_1.wav,unknown
18a1aab9_nohash_0.wav,unknown
7f74626f_nohash_1.wav,unknown
686d030b_nohash_1.wav,unknown
3f2b358d_nohash_0.wav,unknown
bdb26021_nohash_1.wav,unknown
25c14394_nohash_0.wav,unknown
4407ba92_nohash_0.wav,unknown
563aa4e6_nohash_0.wav,unknown
f4cae173_nohash_0.wav,unknown
7fd25f7c_nohash_2.wav,unknown
329eab8a_nohash_0.wav,unknown
106a6183_nohash_2.wav,unknown
eefd26f3_nohash_0.wav,unknown
5b09db89_nohash_4.wav,unknown
876c84d6_nohash_0.wav,unknown
c71e3acc_nohash_0.wav,unknown
8012c69d_nohash_4.wav,unknown
bdee441c_nohash_4.wav,unknown
a9b574b3_nohash_0.wav,unknown
42ccb57a_nohash_0.wav,unknown
5f814c23_nohash_0.wav,unknown
750e3e75_nohash_0.wav,unknown
964e8cfd_nohash_0.wav,unknown
9efe5140_nohash_1.wav,unknown
7f74626f_nohash_0.wav,up
39a12648_nohash_1.wav,unknown
695c2127_nohash_0.wav,unknown
da2c5f1b_nohash_0.wav,unknown
686d030b_nohash_2.wav,unknown
434a267c_nohash_0.wav,unknown
106a6183_nohash_0.wav,unknown
ad63d93c_nohash_0.wav,unknown
66aa0f29_nohash_0.wav,unknown
483e2a6f_nohash_0.wav,unknown
c37a72d3_nohash_1.wav,unknown
5b09db89_nohash_2.wav,unknown
6c9223bd_nohash_0.wav,unknown
c842b5e4_nohash_1.wav,up
1528225c_nohash_0.wav,unknown
ae71797c_nohash_0.wav,unknown
3efa7ec4_nohash_0.wav,unknown
686d030b_nohash_4.wav,unknown
dce05676_nohash_0.wav,unknown
c86d4fd4_nohash_0.wav,unknown
a2473d62_nohash_0.wav,unknown
c692524d_nohash_0.wav,unknown
3f2b358d_nohash_0.wav,up
17cc40ee_nohash_2.wav,unknown
563aa4e6_nohash_0.wav,unknown
f4cae173_nohash_0.wav,unknown
b665723d_nohash_1.wav,unknown
dce05676_nohash_1.wav,unknown
587f3271_nohash_0.wav,unknown
7cfb1618_nohash_0.wav,unknown
a0a8d759_nohash_1.wav,unknown
f8ad3941_nohash_0.wav,unknown
4290ca61_nohash_0.wav,unknown
1746d7b6_nohash_0.wav,unknown
327289eb_nohash_0.wav,unknown
1d1fe0a0_nohash_0.wav,unknown
3209ec42_nohash_1.wav,unknown
3ae5c04f_nohash_0.wav,unknown
2e0d80f7_nohash_0.wav,unknown
bdb26021_nohash_0.wav,unknown
52e228e9_nohash_1.wav,unknown
64da5281_nohash_0.wav,unknown
31d31fa0_nohash_1.wav,unknown
1d1fe0a0_nohash_1.wav,unknown
937b433e_nohash_1.wav,unknown
eb6dab4a_nohash_1.wav,unknown
eb6dab4a_nohash_0.wav,unknown
34ba417a_nohash_0.wav,unknown
66aa0f29_nohash_0.wav,unknown
d1a4fb3f_nohash_3.wav,unknown
f4cae173_nohash_2.wav,unknown
94e6864f_nohash_0.wav,unknown
2d82a556_nohash_0.wav,unknown
7fd25f7c_nohash_0.wav,unknown
da8fa823_nohash_0.wav,unknown
3a789a0d_nohash_0.wav,unknown
c842b5e4_nohash_0.wav,down
d7a58714_nohash_0.wav,down
1d1fe0a0_nohash_2.wav,down
39a12648_nohash_3.wav,down
563aa4e6_nohash_0.wav,down
f839238a_nohash_0.wav,down
f92e49f3_nohash_3.wav,down
f92e49f3_nohash_0.wav,stop
857366dd_nohash_0.wav,down
86402da1_nohash_0.wav,down
3d6bee47_nohash_1.wav,down
f4cae173_nohash_0.wav,down
b665723d_nohash_1.wav,down
7fd25f7c_nohash_3.wav,down
924c1a04_nohash_2.wav,down
7fd25f7c_nohash_2.wav,down
a4e8a997_nohash_0.wav,down
6b7d5101_nohash_1.wav,down
e6db3894_nohash_1.wav,down
23ad12d8_nohash_1.wav,down
329eab8a_nohash_0.wav,down
563aa4e6_nohash_4.wav,down
333784b7_nohash_1.wav,down
587f3271_nohash_1.wav,down
1dce06e8_nohash_0.wav,down
106a6183_nohash_2.wav,down
66aa0f29_nohash_1.wav,down
6f1ffef6_nohash_0.wav,down
563aa4e6_nohash_1.wav,down
587f3271_nohash_0.wav,down
96c67073_nohash_0.wav,down
686d030b_nohash_0.wav,down
7cfb1618_nohash_0.wav,down
ad63d93c_nohash_4.wav,down
8012c69d_nohash_3.wav,down
b8897f1c_nohash_0.wav,down
a0a8d759_nohash_1.wav,down
a8cf01bc_nohash_0.wav,down
f8ad3941_nohash_0.wav,down
c7aa72e6_nohash_0.wav,down
4290ca61_nohash_0.wav,down
924c1a04_nohash_1.wav,down
1746d7b6_nohash_0.wav,down
b665723d_nohash_0.wav,down
7fd25f7c_nohash_4.wav,down
327289eb_nohash_0.wav,down
7f74626f_nohash_3.wav,down
51055bda_nohash_1.wav,down
5ff3f9a1_nohash_0.wav,down
363c6bad_nohash_1.wav,down
d55aa56c_nohash_0.wav,down
eefd26f3_nohash_0.wav,down
3852fca2_nohash_0.wav,down
a4e8a997_nohash_1.wav,down
5b09db89_nohash_4.wav,down
3f2b358d_nohash_1.wav,up
8134f43f_nohash_3.wav,down
3d6bee47_nohash_2.wav,down
7eee5973_nohash_0.wav,down
74b73f88_nohash_0.wav,down
8012c69d_nohash_4.wav,down
86402da1_nohash_2.wav,down
bdee441c_nohash_4.wav,down
541120c7_nohash_1.wav,down
1625acd8_nohash_2.wav,down
26e573a9_nohash_0.wav,down
f92e49f3_nohash_4.wav,down
ad63d93c_nohash_2.wav,down
1d1fe0a0_nohash_0.wav,down
42ccb57a_nohash_0.wav,down
ad63d93c_nohash_3.wav,down
016e2c6d_nohash_1.wav,down
5f814c23_nohash_0.wav,down
b5935410_nohash_0.wav,down
d9b50b8b_nohash_0.wav,down
924c1a04_nohash_0.wav,down
8134f43f_nohash_2.wav,down
23ad12d8_nohash_0.wav,down
d1a4fb3f_nohash_0.wav,unknown
3209ec42_nohash_1.wav,down
3ae5c04f_nohash_0.wav,down
750e3e75_nohash_1.wav,down
1625acd8_nohash_1.wav,down
fc28c8d8_nohash_0.wav,down
541120c7_nohash_0.wav,down
bdee441c_nohash_0.wav,down
2e0d80f7_nohash_0.wav,down
a0f93943_nohash_0.wav,down
0e17f595_nohash_0.wav,down
7fd25f7c_nohash_1.wav,down
bdb26021_nohash_0.wav,down
17cc40ee_nohash_0.wav,down
3477fab6_nohash_0.wav,down
8134f43f_nohash_0.wav,down
363c6bad_nohash_0.wav,down
7f74626f_nohash_4.wav,down
51055bda_nohash_0.wav,down
cfde27ba_nohash_0.wav,unknown
a3fc7884_nohash_0.wav,down
8134f43f_nohash_4.wav,down
c099668c_nohash_1.wav,down
750e3e75_nohash_0.wav,down
a3fc7884_nohash_1.wav,down
563aa4e6_nohash_2.wav,down
86402da1_nohash_1.wav,down
106a6183_nohash_4.wav,down
563aa4e6_nohash_3.wav,down
e900b652_nohash_0.wav,down
964e8cfd_nohash_0.wav,down
52e228e9_nohash_1.wav,down
af405b69_nohash_0.wav,down
016e2c6d_nohash_2.wav,down
31d31fa0_nohash_0.wav,down
b93528e3_nohash_0.wav,down
9efe5140_nohash_1.wav,down
f7b43563_nohash_0.wav,down
d33df435_nohash_0.wav,down
37fc5d97_nohash_0.wav,down
31d31fa0_nohash_1.wav,down
9a3f97f8_nohash_0.wav,down
106a6183_nohash_1.wav,down
bdee441c_nohash_2.wav,down
39a12648_nohash_2.wav,down
9a3f97f8_nohash_1.wav,down
016e2c6d_nohash_0.wav,down
72320401_nohash_1.wav,down
7f74626f_nohash_0.wav,down
7f74626f_nohash_2.wav,down
333784b7_nohash_3.wav,down
af405b69_nohash_1.wav,down
39a12648_nohash_1.wav,down
0cd323ec_nohash_0.wav,down
fe291fa9_nohash_1.wav,down
1d1fe0a0_nohash_1.wav,down
6d2d3b0d_nohash_0.wav,down
686d030b_nohash_3.wav,down
51055bda_nohash_3.wav,down
53fd1780_nohash_1.wav,down
964e8cfd_nohash_1.wav,down
333784b7_nohash_0.wav,down
5b09db89_nohash_1.wav,down
695c2127_nohash_0.wav,down
6021f08b_nohash_0.wav,down
51055bda_nohash_4.wav,down
2e73212b_nohash_0.wav,down
6d2d3b0d_nohash_1.wav,down
c099668c_nohash_0.wav,down
eb6dab4a_nohash_1.wav,down
6d2d3b0d_nohash_2.wav,down
da2c5f1b_nohash_0.wav,down
035de8fe_nohash_0.wav,down
686d030b_nohash_2.wav,down
329eab8a_nohash_1.wav,down
106a6183_nohash_3.wav,down
5b09db89_nohash_3.wav,down
eb6dab4a_nohash_0.wav,down
14df1e28_nohash_0.wav,down
f839238a_nohash_1.wav,down
8c7c9168_nohash_0.wav,down
c7aa72e6_nohash_1.wav,down
b5935410_nohash_2.wav,down
a0a8d759_nohash_0.wav,down
8012c69d_nohash_0.wav,down
39a12648_nohash_0.wav,down
fe291fa9_nohash_0.wav,down
41dce6f5_nohash_0.wav,down
333784b7_nohash_4.wav,down
08ab8082_nohash_0.wav,down
f92e49f3_nohash_2.wav,down
3a789a0d_nohash_1.wav,down
2167c2ed_nohash_0.wav,down
e6db3894_nohash_0.wav,unknown
53fd1780_nohash_0.wav,down
5b09db89_nohash_0.wav,down
d57febf0_nohash_0.wav,down
106a6183_nohash_0.wav,unknown
34ba417a_nohash_0.wav,down
964e8cfd_nohash_4.wav,down
d9b8fab2_nohash_1.wav,down
1625acd8_nohash_0.wav,down
b5935410_nohash_1.wav,go
ad63d93c_nohash_0.wav,down
f2dd248e_nohash_0.wav,down
bdee441c_nohash_1.wav,down
66aa0f29_nohash_0.wav,down
483e2a6f_nohash_0.wav,down
3209ec42_nohash_0.wav,down
5b09db89_nohash_2.wav,down
f3957e23_nohash_1.wav,down
f839238a_nohash_2.wav,down
8012c69d_nohash_2.wav,down
bdee441c_nohash_3.wav,down
52e228e9_nohash_0.wav,down
8012c69d_nohash_1.wav,down
6b7d5101_nohash_0.wav,down
e62056e2_nohash_0.wav,down
1528225c_nohash_0.wav,down
3d6bee47_nohash_0.wav,down
39a12648_nohash_4.wav,down
964e8cfd_nohash_3.wav,down
541120c7_nohash_2.wav,down
d9b8fab2_nohash_0.wav,down
34ba417a_nohash_1.wav,down
ad63d93c_nohash_1.wav,down
c24d96eb_nohash_0.wav,down
f3957e23_nohash_0.wav,down
3efa7ec4_nohash_0.wav,down
94e6864f_nohash_0.wav,down
686d030b_nohash_4.wav,down
dce05676_nohash_0.wav,down
9efe5140_nohash_2.wav,down
6a014b29_nohash_0.wav,down
23ad12d8_nohash_2.wav,down
2d82a556_nohash_0.wav,down
7096522d_nohash_0.wav,down
8c7b691a_nohash_0.wav,down
7fd25f7c_nohash_0.wav,down
e62056e2_nohash_1.wav,down
08ab8082_nohash_1.wav,down
bed06fac_nohash_0.wav,down
f3957e23_nohash_2.wav,down
da8fa823_nohash_0.wav,down
8134f43f_nohash_1.wav,down
0ea0e2f4_nohash_0.wav,down
3a789a0d_nohash_0.wav,down
ad6a46f1_nohash_0.wav,down
b93528e3_nohash_1.wav,down
f92e49f3_nohash_1.wav,down
72320401_nohash_0.wav,down
7f74626f_nohash_1.wav,down
333784b7_nohash_2.wav,down
686d030b_nohash_1.wav,down
825f450d_nohash_0.wav,down
2d82a556_nohash_1.wav,down
9efe5140_nohash_0.wav,down
778a4a01_nohash_0.wav,down
3f2b358d_nohash_0.wav,no
51055bda_nohash_2.wav,down
964e8cfd_nohash_2.wav,down
aef8dcf5_nohash_0.wav,off
c842b5e4_nohash_0.wav,up
d7a58714_nohash_0.wav,off
327289eb_nohash_2.wav,off
8dc26a15_nohash_1.wav,off
39a12648_nohash_3.wav,off
563aa4e6_nohash_0.wav,off
f839238a_nohash_0.wav,off
f92e49f3_nohash_3.wav,off
f92e49f3_nohash_0.wav,off
e5d2e09d_nohash_0.wav,off
857366dd_nohash_0.wav,off
86402da1_nohash_0.wav,off
c692524d_nohash_3.wav,off
7096522d_nohash_1.wav,off
f4cae173_nohash_0.wav,off
b665723d_nohash_1.wav,off
7fd25f7c_nohash_3.wav,off
7fd25f7c_nohash_2.wav,off
329eab8a_nohash_0.wav,off
563aa4e6_nohash_4.wav,off
333784b7_nohash_1.wav,off
7de97453_nohash_0.wav,off
106a6183_nohash_2.wav,off
563aa4e6_nohash_1.wav,off
78102205_nohash_1.wav,off
587f3271_nohash_0.wav,off
10f2bb12_nohash_1.wav,off
96c67073_nohash_0.wav,off
686d030b_nohash_0.wav,off
f7b43563_nohash_1.wav,off
ad63d93c_nohash_4.wav,off
8012c69d_nohash_3.wav,off
b8897f1c_nohash_0.wav,off
a8cf01bc_nohash_0.wav,off
f8ad3941_nohash_1.wav,off
bdb26021_nohash_2.wav,off
f8ad3941_nohash_0.wav,off
924c1a04_nohash_1.wav,off
b665723d_nohash_0.wav,off
7fd25f7c_nohash_4.wav,off
327289eb_nohash_0.wav,off
7f74626f_nohash_3.wav,unknown
51055bda_nohash_1.wav,off
5ff3f9a1_nohash_0.wav,off
d55aa56c_nohash_0.wav,off
c692524d_nohash_2.wav,off
3852fca2_nohash_0.wav,off
778a4a01_nohash_1.wav,off
5b09db89_nohash_4.wav,off
3f2b358d_nohash_1.wav,up
8134f43f_nohash_3.wav,off
460f2bad_nohash_0.wav,off
7eee5973_nohash_0.wav,off
74b73f88_nohash_0.wav,off
8012c69d_nohash_4.wav,off
86402da1_nohash_2.wav,off
bdee441c_nohash_4.wav,off
937b433e_nohash_0.wav,off
c392e01d_nohash_0.wav,off
f92e49f3_nohash_4.wav,off
ad63d93c_nohash_2.wav,off
a9b574b3_nohash_0.wav,off
1d1fe0a0_nohash_0.wav,off
3b853f44_nohash_1.wav,off
78102205_nohash_2.wav,off
ad63d93c_nohash_3.wav,off
f7b43563_nohash_4.wav,off
b5935410_nohash_0.wav,off
924c1a04_nohash_0.wav,off
8134f43f_nohash_2.wav,off
23ad12d8_nohash_0.wav,off
d1a4fb3f_nohash_0.wav,off
dd086776_nohash_1.wav,off
19e98e89_nohash_0.wav,off
bdee441c_nohash_0.wav,off
25c14394_nohash_1.wav,off
e2286c18_nohash_0.wav,off
dc6e9c04_nohash_1.wav,off
0e17f595_nohash_0.wav,off
ea356919_nohash_0.wav,off
7fd25f7c_nohash_1.wav,off
bdb26021_nohash_0.wav,off
17cc40ee_nohash_0.wav,off
8134f43f_nohash_0.wav,left
7f74626f_nohash_4.wav,off
51055bda_nohash_0.wav,off
c692524d_nohash_1.wav,off
483e2a6f_nohash_2.wav,off
a3fc7884_nohash_0.wav,off
88053e92_nohash_0.wav,off
6166ae21_nohash_0.wav,off
c86d4fd4_nohash_1.wav,off
8134f43f_nohash_4.wav,stop
4f2be90f_nohash_0.wav,off
563aa4e6_nohash_2.wav,off
86402da1_nohash_1.wav,off
093f65a1_nohash_1.wav,off
3b853f44_nohash_0.wav,off
106a6183_nohash_4.wav,unknown
da8fa823_nohash_1.wav,off
563aa4e6_nohash_3.wav,off
964e8cfd_nohash_0.wav,off
52e228e9_nohash_1.wav,off
af405b69_nohash_0.wav,off
173e6bbf_nohash_2.wav,off
48bdc11c_nohash_0.wav,off
31d31fa0_nohash_0.wav,off
7eee5973_nohash_1.wav,off
64da5281_nohash_0.wav,off
a8cf01bc_nohash_1.wav,off
f7b43563_nohash_0.wav,off
dd086776_nohash_0.wav,off
56f8a100_nohash_0.wav,off
d33df435_nohash_0.wav,off
f7b43563_nohash_2.wav,off
f7b43563_nohash_5.wav,off
106a6183_nohash_1.wav,off
da8fa823_nohash_2.wav,off
bdee441c_nohash_2.wav,off
39a12648_nohash_2.wav,off
7f74626f_nohash_0.wav,off
7f74626f_nohash_2.wav,off
333784b7_nohash_3.wav,off
afd53389_nohash_0.wav,off
39a12648_nohash_1.wav,off
0cd323ec_nohash_0.wav,off
8dc26a15_nohash_0.wav,off
686d030b_nohash_3.wav,off
51055bda_nohash_3.wav,off
721f767c_nohash_0.wav,off
bdee441c_nohash_5.wav,off
964e8cfd_nohash_1.wav,off
333784b7_nohash_0.wav,off
5b09db89_nohash_1.wav,off
48bdc11c_nohash_1.wav,off
7de97453_nohash_3.wav,off
51055bda_nohash_4.wav,off
2e73212b_nohash_0.wav,off
b1114e4f_nohash_0.wav,off
c099668c_nohash_0.wav,off
da2c5f1b_nohash_0.wav,off
173e6bbf_nohash_0.wav,off
035de8fe_nohash_0.wav,off
686d030b_nohash_2.wav,off
329eab8a_nohash_1.wav,off
106a6183_nohash_3.wav,off
c24d96eb_nohash_1.wav,off
5b09db89_nohash_3.wav,off
56f8a100_nohash_1.wav,off
dc6e9c04_nohash_0.wav,off
44f68a83_nohash_0.wav,off
434a267c_nohash_0.wav,off
483e2a6f_nohash_1.wav,off
a0a8d759_nohash_0.wav,off
8012c69d_nohash_0.wav,off
39a12648_nohash_0.wav,off
41dce6f5_nohash_0.wav,off
333784b7_nohash_4.wav,off
f92e49f3_nohash_2.wav,off
3a789a0d_nohash_1.wav,off
51055bda_nohash_5.wav,off
3f2b358d_nohash_2.wav,no
6078eb0d_nohash_0.wav,off
5b09db89_nohash_0.wav,off
8dc26a15_nohash_3.wav,off
d57febf0_nohash_0.wav,off
173e6bbf_nohash_1.wav,off
106a6183_nohash_0.wav,off
964e8cfd_nohash_4.wav,off
d9b8fab2_nohash_1.wav,off
ad63d93c_nohash_0.wav,off
f2dd248e_nohash_0.wav,off
bdee441c_nohash_1.wav,off
483e2a6f_nohash_0.wav,off
3209ec42_nohash_0.wav,off
5b09db89_nohash_2.wav,unknown
825f450d_nohash_1.wav,off
f3957e23_nohash_1.wav,off
78102205_nohash_0.wav,off
8012c69d_nohash_2.wav,off
6b889021_nohash_0.wav,off
bdee441c_nohash_3.wav,off
8dc26a15_nohash_2.wav,off
52e228e9_nohash_0.wav,off
8012c69d_nohash_1.wav,off
6b7d5101_nohash_0.wav,off
2b3f509b_nohash_0.wav,unknown
f4cae173_nohash_1.wav,off
e8e960fd_nohash_1.wav,off
e8e960fd_nohash_0.wav,off
f7b43563_nohash_3.wav,off
7de97453_nohash_2.wav,off
52e228e9_nohash_2.wav,off
3d6bee47_nohash_0.wav,off
093f65a1_nohash_0.wav,off
857366dd_nohash_1.wav,off
7de97453_nohash_1.wav,off
d55aa56c_nohash_1.wav,off
39a12648_nohash_4.wav,off
ae71797c_nohash_0.wav,off
964e8cfd_nohash_3.wav,off
48bdc11c_nohash_2.wav,off
b15fc37d_nohash_0.wav,off
afd53389_nohash_1.wav,off
d9b8fab2_nohash_0.wav,off
327289eb_nohash_1.wav,off
ad63d93c_nohash_1.wav,off
928cc2ef_nohash_0.wav,off
bdee441c_nohash_6.wav,off
c24d96eb_nohash_0.wav,off
f3957e23_nohash_0.wav,off
3efa7ec4_nohash_0.wav,off
ea356919_nohash_1.wav,off
035de8fe_nohash_1.wav,off
686d030b_nohash_4.wav,off
b84f83d2_nohash_0.wav,up
6a014b29_nohash_0.wav,off
7096522d_nohash_0.wav,off
8c7b691a_nohash_0.wav,off
7fd25f7c_nohash_0.wav,off
c24d96eb_nohash_2.wav,off
88053e92_nohash_1.wav,off
d57febf0_nohash_1.wav,off
da8fa823_nohash_0.wav,off
8134f43f_nohash_1.wav,off
3a789a0d_nohash_0.wav,off
c86d4fd4_nohash_0.wav,off
f92e49f3_nohash_1.wav,off
a2473d62_nohash_0.wav,off
7f74626f_nohash_1.wav,off
333784b7_nohash_2.wav,off
686d030b_nohash_1.wav,off
c692524d_nohash_0.wav,off
825f450d_nohash_0.wav,off
7de97453_nohash_4.wav,off
9efe5140_nohash_0.wav,off
778a4a01_nohash_0.wav,off
3f2b358d_nohash_0.wav,yes
bdb26021_nohash_1.wav,off
25c14394_nohash_0.wav,off
d55aa56c_nohash_2.wav,off
da2c5f1b_nohash_1.wav,off
a13e0a74_nohash_0.wav,off
2b3f509b_nohash_1.wav,off
51055bda_nohash_2.wav,off
964e8cfd_nohash_2.wav,off
10f2bb12_nohash_0.wav,off
f92e49f3_nohash_0.wav,unknown
329eab8a_nohash_0.wav,unknown
5ff3f9a1_nohash_0.wav,unknown
3852fca2_nohash_0.wav,unknown
c71e3acc_nohash_0.wav,unknown
bed06fac_nohash_2.wav,go
924c1a04_nohash_0.wav,unknown
541120c7_nohash_0.wav,unknown
19e98e89_nohash_0.wav,unknown
2e0d80f7_nohash_0.wav,unknown
0ac15fe9_nohash_1.wav,unknown
363c6bad_nohash_0.wav,unknown
981e2a16_nohash_0.wav,unknown
0ac15fe9_nohash_0.wav,unknown
e900b652_nohash_0.wav,unknown
b93528e3_nohash_0.wav,unknown
d4d898d7_nohash_0.wav,unknown
b15fc37d_nohash_1.wav,unknown
333784b7_nohash_0.wav,stop
6021f08b_nohash_0.wav,unknown
eb6dab4a_nohash_1.wav,unknown
483e2a6f_nohash_1.wav,unknown
39a12648_nohash_0.wav,unknown
e6db3894_nohash_0.wav,unknown
5b09db89_nohash_0.wav,up
106a6183_nohash_0.wav,unknown
a0f93943_nohash_1.wav,unknown
e8e960fd_nohash_0.wav,unknown
e62056e2_nohash_0.wav,unknown
035de8fe_nohash_1.wav,unknown
b93528e3_nohash_1.wav,unknown
f839238a_nohash_0.wav,unknown
6f1ffef6_nohash_1.wav,unknown
686d030b_nohash_0.wav,unknown
4a4e28f1_nohash_1.wav,unknown
8012c69d_nohash_3.wav,unknown
a8cf01bc_nohash_0.wav,unknown
c7aa72e6_nohash_0.wav,unknown
5ff3f9a1_nohash_1.wav,unknown
51055bda_nohash_1.wav,unknown
5b09db89_nohash_4.wav,unknown
8012c69d_nohash_4.wav,unknown
8c7c9168_nohash_3.wav,unknown
876c84d6_nohash_1.wav,unknown
2e0d80f7_nohash_0.wav,unknown
0e17f595_nohash_0.wav,unknown
f104f742_nohash_1.wav,unknown
afd53389_nohash_2.wav,unknown
97e0c576_nohash_0.wav,unknown
3efa7ec4_nohash_1.wav,unknown
106a6183_nohash_4.wav,unknown
964e8cfd_nohash_0.wav,unknown
7f74626f_nohash_0.wav,unknown
7f74626f_nohash_2.wav,unknown
d4d898d7_nohash_0.wav,unknown
8c7c9168_nohash_2.wav,unknown
686d030b_nohash_3.wav,unknown
686d030b_nohash_2.wav,unknown
eb6dab4a_nohash_0.wav,unknown
409c962a_nohash_1.wav,unknown
c71e3acc_nohash_1.wav,unknown
2167c2ed_nohash_1.wav,unknown
6c9223bd_nohash_1.wav,unknown
2167c2ed_nohash_0.wav,unknown
3f2b358d_nohash_2.wav,no
53fd1780_nohash_0.wav,unknown
5b09db89_nohash_0.wav,unknown
d57febf0_nohash_0.wav,unknown
964e8cfd_nohash_4.wav,unknown
d9b8fab2_nohash_1.wav,unknown
1625acd8_nohash_0.wav,unknown
5b09db89_nohash_2.wav,unknown
876c84d6_nohash_2.wav,unknown
8012c69d_nohash_2.wav,unknown
6b7d5101_nohash_0.wav,unknown
c842b5e4_nohash_1.wav,unknown
964e8cfd_nohash_3.wav,unknown
d9b8fab2_nohash_0.wav,unknown
8c7b691a_nohash_1.wav,unknown
18a1aab9_nohash_0.wav,unknown
a2473d62_nohash_0.wav,unknown
7f74626f_nohash_1.wav,stop
686d030b_nohash_1.wav,unknown
825f450d_nohash_0.wav,unknown
4407ba92_nohash_0.wav,on
aef8dcf5_nohash_0.wav,on
c842b5e4_nohash_0.wav,on
56f8a100_nohash_3.wav,on
f8ad3941_nohash_2.wav,on
39a12648_nohash_3.wav,unknown
563aa4e6_nohash_0.wav,on
f839238a_nohash_0.wav,on
f92e49f3_nohash_3.wav,on
4a4e28f1_nohash_0.wav,on
f92e49f3_nohash_0.wav,off
e5d2e09d_nohash_0.wav,on
7eee5973_nohash_2.wav,on
857366dd_nohash_0.wav,on
86402da1_nohash_0.wav,on
b665723d_nohash_1.wav,on
7fd25f7c_nohash_3.wav,silence
7fd25f7c_nohash_2.wav,on
a4e8a997_nohash_0.wav,on
e6db3894_nohash_1.wav,on
329eab8a_nohash_0.wav,on
dce05676_nohash_1.wav,on
563aa4e6_nohash_4.wav,on
333784b7_nohash_1.wav,on
587f3271_nohash_1.wav,on
1dce06e8_nohash_0.wav,on
7de97453_nohash_0.wav,on
106a6183_nohash_2.wav,on
e855b8f1_nohash_0.wav,on
6021f08b_nohash_1.wav,on
563aa4e6_nohash_1.wav,on
587f3271_nohash_0.wav,on
2e0d80f7_nohash_2.wav,on
44f68a83_nohash_2.wav,on
96c67073_nohash_0.wav,on
686d030b_nohash_0.wav,on
7cfb1618_nohash_0.wav,on
ad63d93c_nohash_4.wav,on
8012c69d_nohash_3.wav,unknown
b8897f1c_nohash_0.wav,on
a8cf01bc_nohash_0.wav,on
6021f08b_nohash_2.wav,on
f8ad3941_nohash_1.wav,on
6c9223bd_nohash_2.wav,on
f8ad3941_nohash_0.wav,on
c7aa72e6_nohash_0.wav,on
4290ca61_nohash_0.wav,on
1746d7b6_nohash_0.wav,on
b665723d_nohash_0.wav,on
7fd25f7c_nohash_4.wav,on
327289eb_nohash_0.wav,on
5ff3f9a1_nohash_1.wav,on
d33df435_nohash_1.wav,on
7f74626f_nohash_3.wav,on
51055bda_nohash_1.wav,on
5ff3f9a1_nohash_0.wav,on
d55aa56c_nohash_0.wav,off
eefd26f3_nohash_0.wav,on
3852fca2_nohash_0.wav,on
0ac15fe9_nohash_2.wav,on
5b09db89_nohash_4.wav,on
3f2b358d_nohash_1.wav,yes
8134f43f_nohash_3.wav,on
876c84d6_nohash_0.wav,on
460f2bad_nohash_0.wav,on
3ae5c04f_nohash_1.wav,on
7eee5973_nohash_0.wav,on
74b73f88_nohash_0.wav,on
c71e3acc_nohash_0.wav,on
8012c69d_nohash_4.wav,on
bdee441c_nohash_4.wav,on
937b433e_nohash_0.wav,on
26e573a9_nohash_0.wav,on
f92e49f3_nohash_4.wav,on
ad63d93c_nohash_2.wav,on
a9b574b3_nohash_0.wav,on
1d1fe0a0_nohash_0.wav,on
42ccb57a_nohash_0.wav,on
ad63d93c_nohash_3.wav,on
44f68a83_nohash_1.wav,on
4f2be90f_nohash_1.wav,on
5f814c23_nohash_0.wav,on
b5935410_nohash_0.wav,on
d9b50b8b_nohash_0.wav,on
924c1a04_nohash_0.wav,on
8134f43f_nohash_2.wav,unknown
23ad12d8_nohash_0.wav,on
3209ec42_nohash_1.wav,on
3ae5c04f_nohash_0.wav,on
750e3e75_nohash_1.wav,on
fc28c8d8_nohash_0.wav,on
541120c7_nohash_0.wav,on
19e98e89_nohash_0.wav,on
bdee441c_nohash_0.wav,on
2e0d80f7_nohash_0.wav,on
460f2bad_nohash_1.wav,on
e2286c18_nohash_0.wav,on
7eee5973_nohash_3.wav,on
0e17f595_nohash_0.wav,on
ea356919_nohash_0.wav,on
7fd25f7c_nohash_1.wav,on
0ac15fe9_nohash_1.wav,on
8134f43f_nohash_0.wav,on
7f74626f_nohash_4.wav,on
51055bda_nohash_0.wav,on
6166ae21_nohash_0.wav,on
8134f43f_nohash_4.wav,unknown
750e3e75_nohash_0.wav,off
0ac15fe9_nohash_0.wav,on
4f2be90f_nohash_0.wav,on
97e0c576_nohash_0.wav,on
563aa4e6_nohash_2.wav,on
093f65a1_nohash_1.wav,on
106a6183_nohash_4.wav,on
563aa4e6_nohash_3.wav,on
964e8cfd_nohash_0.wav,on
52e228e9_nohash_1.wav,on
af405b69_nohash_0.wav,on
6a014b29_nohash_2.wav,on
e6db3894_nohash_2.wav,on
48bdc11c_nohash_0.wav,on
7eee5973_nohash_1.wav,on
64da5281_nohash_0.wav,on
dd086776_nohash_0.wav,on
56f8a100_nohash_0.wav,on
d33df435_nohash_0.wav,on
37fc5d97_nohash_0.wav,on
106a6183_nohash_1.wav,on
bdee441c_nohash_2.wav,on
39a12648_nohash_2.wav,on
016e2c6d_nohash_0.wav,on
7f74626f_nohash_0.wav,on
7f74626f_nohash_2.wav,on
333784b7_nohash_3.wav,on
39a12648_nohash_1.wav,on
d4d898d7_nohash_0.wav,on
0cd323ec_nohash_0.wav,on
1d1fe0a0_nohash_1.wav,on
6d2d3b0d_nohash_0.wav,on
8dc26a15_nohash_0.wav,on
686d030b_nohash_3.wav,on
d9b50b8b_nohash_2.wav,on
3209ec42_nohash_2.wav,on
51055bda_nohash_3.wav,on
964e8cfd_nohash_1.wav,on
333784b7_nohash_0.wav,on
5b09db89_nohash_1.wav,on
695c2127_nohash_0.wav,on
6021f08b_nohash_0.wav,on
51055bda_nohash_4.wav,on
d9b50b8b_nohash_1.wav,on
6d2d3b0d_nohash_1.wav,on
c099668c_nohash_0.wav,on
6a014b29_nohash_1.wav,on
173e6bbf_nohash_0.wav,on
686d030b_nohash_2.wav,on
106a6183_nohash_3.wav,on
c24d96eb_nohash_1.wav,on
5b09db89_nohash_3.wav,on
56f8a100_nohash_1.wav,on
44f68a83_nohash_0.wav,on
409c962a_nohash_1.wav,on
c7aa72e6_nohash_1.wav,on
8012c69d_nohash_0.wav,on
39a12648_nohash_0.wav,on
41dce6f5_nohash_0.wav,on
6c9223bd_nohash_1.wav,on
333784b7_nohash_4.wav,on
a9b574b3_nohash_1.wav,on
f92e49f3_nohash_2.wav,off
e6db3894_nohash_0.wav,on
3f2b358d_nohash_2.wav,unknown
e5d2e09d_nohash_1.wav,on
7cfb1618_nohash_1.wav,on
53fd1780_nohash_0.wav,on
6078eb0d_nohash_0.wav,on
5b09db89_nohash_0.wav,on
106a6183_nohash_0.wav,on
964e8cfd_nohash_4.wav,on
1625acd8_nohash_0.wav,on
b5935410_nohash_1.wav,on
0cd323ec_nohash_1.wav,on
ad63d93c_nohash_0.wav,on
3852fca2_nohash_1.wav,on
f2dd248e_nohash_0.wav,on
bdee441c_nohash_1.wav,on
483e2a6f_nohash_0.wav,on
4f2be90f_nohash_2.wav,on
3209ec42_nohash_0.wav,on
5b09db89_nohash_2.wav,on
f3957e23_nohash_1.wav,on
409c962a_nohash_0.wav,on
74b73f88_nohash_1.wav,on
56f8a100_nohash_2.wav,on
78102205_nohash_0.wav,on
8012c69d_nohash_2.wav,on
6b889021_nohash_0.wav,on
bdee441c_nohash_3.wav,on
52e228e9_nohash_0.wav,on
8012c69d_nohash_1.wav,on
2b3f509b_nohash_0.wav,on
6c9223bd_nohash_0.wav,on
c842b5e4_nohash_1.wav,on
c37a72d3_nohash_0.wav,on
e62056e2_nohash_0.wav,on
093f65a1_nohash_0.wav,on
857366dd_nohash_1.wav,on
b8897f1c_nohash_1.wav,on
39a12648_nohash_4.wav,off
964e8cfd_nohash_3.wav,on
b15fc37d_nohash_0.wav,on
8a28231e_nohash_0.wav,on
d9b8fab2_nohash_0.wav,on
19e98e89_nohash_1.wav,on
ad63d93c_nohash_1.wav,on
c24d96eb_nohash_0.wav,on
f3957e23_nohash_0.wav,on
686d030b_nohash_4.wav,on
dce05676_nohash_0.wav,on
6a014b29_nohash_0.wav,on
7096522d_nohash_0.wav,on
7fd25f7c_nohash_0.wav,on
ad6a46f1_nohash_1.wav,on
f3957e23_nohash_2.wav,on
8134f43f_nohash_1.wav,on
0ea0e2f4_nohash_0.wav,on
3a789a0d_nohash_0.wav,on
ad6a46f1_nohash_0.wav,on
f92e49f3_nohash_1.wav,on
18a1aab9_nohash_0.wav,on
7f74626f_nohash_1.wav,on
333784b7_nohash_2.wav,on
686d030b_nohash_1.wav,on
c692524d_nohash_0.wav,on
778a4a01_nohash_0.wav,on
3f2b358d_nohash_0.wav,left
25c14394_nohash_0.wav,on
a13e0a74_nohash_0.wav,on
51055bda_nohash_2.wav,on
964e8cfd_nohash_2.wav,on
f104f742_nohash_0.wav,on
2e0d80f7_nohash_1.wav,on
c842b5e4_nohash_0.wav,right
f2dd248e_nohash_2.wav,right
721f767c_nohash_1.wav,right
39a12648_nohash_3.wav,right
563aa4e6_nohash_0.wav,unknown
cfde27ba_nohash_1.wav,right
f839238a_nohash_0.wav,right
f92e49f3_nohash_3.wav,right
4a4e28f1_nohash_0.wav,right
f92e49f3_nohash_0.wav,right
e5d2e09d_nohash_0.wav,right
857366dd_nohash_0.wav,right
f2dd248e_nohash_1.wav,right
7fd25f7c_nohash_3.wav,right
7fd25f7c_nohash_2.wav,right
a4e8a997_nohash_0.wav,right
563aa4e6_nohash_4.wav,unknown
333784b7_nohash_1.wav,right
587f3271_nohash_1.wav,right
7de97453_nohash_0.wav,right
106a6183_nohash_2.wav,unknown
10f2bb12_nohash_3.wav,right
563aa4e6_nohash_1.wav,unknown
587f3271_nohash_0.wav,right
10f2bb12_nohash_1.wav,right
686d030b_nohash_0.wav,right
ad63d93c_nohash_4.wav,right
8012c69d_nohash_3.wav,right
b8897f1c_nohash_0.wav,right
f8ad3941_nohash_1.wav,right
f8ad3941_nohash_0.wav,right
c7aa72e6_nohash_0.wav,left
b665723d_nohash_0.wav,right
7fd25f7c_nohash_4.wav,right
7f74626f_nohash_3.wav,no
e2286c18_nohash_1.wav,right
6b889021_nohash_1.wav,right
51055bda_nohash_1.wav,unknown
5ff3f9a1_nohash_0.wav,right
d55aa56c_nohash_0.wav,right
778a4a01_nohash_1.wav,right
5b09db89_nohash_4.wav,unknown
3f2b358d_nohash_1.wav,yes
8134f43f_nohash_3.wav,right
460f2bad_nohash_0.wav,right
74b73f88_nohash_0.wav,right
8012c69d_nohash_4.wav,right
bdee441c_nohash_4.wav,right
937b433e_nohash_0.wav,right
c392e01d_nohash_0.wav,right
5f814c23_nohash_1.wav,right
f92e49f3_nohash_4.wav,right
ad63d93c_nohash_2.wav,right
a9b574b3_nohash_0.wav,right
1d1fe0a0_nohash_0.wav,right
42ccb57a_nohash_0.wav,right
ad63d93c_nohash_3.wav,right
37fc5d97_nohash_3.wav,right
587f3271_nohash_2.wav,right
4f2be90f_nohash_1.wav,right
5f814c23_nohash_0.wav,right
b5935410_nohash_0.wav,right
d9b50b8b_nohash_0.wav,right
34ba417a_nohash_2.wav,right
dc6e9c04_nohash_2.wav,right
924c1a04_nohash_0.wav,right
8134f43f_nohash_2.wav,right
23ad12d8_nohash_0.wav,right
d1a4fb3f_nohash_0.wav,right
3ae5c04f_nohash_0.wav,right
541120c7_nohash_0.wav,right
19e98e89_nohash_0.wav,right
bdee441c_nohash_0.wav,right
e2286c18_nohash_0.wav,right
dc6e9c04_nohash_1.wav,right
a0f93943_nohash_0.wav,right
0e17f595_nohash_0.wav,right
ea356919_nohash_0.wav,right
7fd25f7c_nohash_1.wav,right
17cc40ee_nohash_0.wav,right
0ac15fe9_nohash_1.wav,right
8134f43f_nohash_0.wav,right
981e2a16_nohash_0.wav,right
7f74626f_nohash_4.wav,unknown
51055bda_nohash_0.wav,right
c692524d_nohash_1.wav,right
cfde27ba_nohash_0.wav,right
a3fc7884_nohash_0.wav,right
6166ae21_nohash_0.wav,right
2e73212b_nohash_1.wav,right
f104f742_nohash_1.wav,right
8134f43f_nohash_4.wav,left
750e3e75_nohash_0.wav,right
0ac15fe9_nohash_0.wav,right
4f2be90f_nohash_0.wav,right
97e0c576_nohash_0.wav,right
563aa4e6_nohash_2.wav,right
093f65a1_nohash_1.wav,right
37fc5d97_nohash_1.wav,right
10f2bb12_nohash_2.wav,right
106a6183_nohash_4.wav,unknown
da8fa823_nohash_1.wav,right
563aa4e6_nohash_3.wav,unknown
964e8cfd_nohash_0.wav,right
af405b69_nohash_0.wav,right
b93528e3_nohash_0.wav,right
64da5281_nohash_0.wav,right
f7b43563_nohash_0.wav,right
56f8a100_nohash_0.wav,right
37fc5d97_nohash_0.wav,right
106a6183_nohash_1.wav,right
bdee441c_nohash_2.wav,right
39a12648_nohash_2.wav,right
016e2c6d_nohash_0.wav,right
7f74626f_nohash_0.wav,right
7f74626f_nohash_2.wav,right
333784b7_nohash_3.wav,right
af405b69_nohash_1.wav,right
afd53389_nohash_0.wav,right
39a12648_nohash_1.wav,unknown
1d1fe0a0_nohash_1.wav,right
8dc26a15_nohash_0.wav,right
937b433e_nohash_1.wav,right
686d030b_nohash_3.wav,right
51055bda_nohash_3.wav,right
721f767c_nohash_0.wav,left
53fd1780_nohash_1.wav,right
964e8cfd_nohash_1.wav,go
333784b7_nohash_0.wav,right
5b09db89_nohash_1.wav,right
51055bda_nohash_4.wav,right
2e73212b_nohash_0.wav,right
b1114e4f_nohash_0.wav,right
d9b50b8b_nohash_1.wav,right
6166ae21_nohash_1.wav,right
da2c5f1b_nohash_0.wav,right
035de8fe_nohash_0.wav,right
686d030b_nohash_2.wav,right
106a6183_nohash_3.wav,right
5b09db89_nohash_3.wav,unknown
dc6e9c04_nohash_0.wav,right
409c962a_nohash_1.wav,right
434a267c_nohash_0.wav,right
8c7c9168_nohash_0.wav,right
41dce6f5_nohash_1.wav,right
a0a8d759_nohash_0.wav,right
8012c69d_nohash_0.wav,unknown
39a12648_nohash_0.wav,right
2167c2ed_nohash_1.wav,right
41dce6f5_nohash_0.wav,right
8a28231e_nohash_2.wav,right
333784b7_nohash_4.wav,right
a9b574b3_nohash_1.wav,right
f92e49f3_nohash_2.wav,right
2167c2ed_nohash_0.wav,right
3f2b358d_nohash_2.wav,no
53fd1780_nohash_0.wav,right
5b09db89_nohash_0.wav,right
106a6183_nohash_0.wav,unknown
34ba417a_nohash_0.wav,right
964e8cfd_nohash_4.wav,right
b5935410_nohash_1.wav,unknown
ad63d93c_nohash_0.wav,right
f2dd248e_nohash_0.wav,right
bdee441c_nohash_1.wav,right
66aa0f29_nohash_0.wav,right
483e2a6f_nohash_0.wav,right
3209ec42_nohash_0.wav,right
c37a72d3_nohash_1.wav,right
5b09db89_nohash_2.wav,right
8a28231e_nohash_1.wav,right
409c962a_nohash_0.wav,right
8012c69d_nohash_2.wav,right
6b889021_nohash_0.wav,right
bdee441c_nohash_3.wav,right
8012c69d_nohash_1.wav,unknown
6b7d5101_nohash_0.wav,right
e8e960fd_nohash_0.wav,right
c37a72d3_nohash_0.wav,right
5f814c23_nohash_2.wav,right
1528225c_nohash_0.wav,right
3d6bee47_nohash_0.wav,right
093f65a1_nohash_0.wav,right
857366dd_nohash_1.wav,right
7de97453_nohash_1.wav,right
39a12648_nohash_4.wav,right
ae71797c_nohash_0.wav,right
964e8cfd_nohash_3.wav,right
b15fc37d_nohash_0.wav,right
8a28231e_nohash_0.wav,right
d9b8fab2_nohash_0.wav,unknown
34ba417a_nohash_1.wav,right
97e0c576_nohash_1.wav,right
ad63d93c_nohash_1.wav,right
c24d96eb_nohash_0.wav,right
686d030b_nohash_4.wav,right
dce05676_nohash_0.wav,right
6a014b29_nohash_0.wav,right
2d82a556_nohash_0.wav,right
2e73212b_nohash_2.wav,right
7fd25f7c_nohash_0.wav,right
ad6a46f1_nohash_1.wav,stop
0e17f595_nohash_1.wav,right
da8fa823_nohash_0.wav,right
8134f43f_nohash_1.wav,right
0ea0e2f4_nohash_0.wav,right
3a789a0d_nohash_0.wav,right
ad6a46f1_nohash_0.wav,left
f92e49f3_nohash_1.wav,right
a2473d62_nohash_0.wav,right
72320401_nohash_0.wav,right
7f74626f_nohash_1.wav,right
333784b7_nohash_2.wav,right
093f65a1_nohash_2.wav,right
37fc5d97_nohash_2.wav,right
686d030b_nohash_1.wav,right
c692524d_nohash_0.wav,right
2d82a556_nohash_1.wav,right
9efe5140_nohash_0.wav,right
778a4a01_nohash_0.wav,right
3f2b358d_nohash_0.wav,no
25c14394_nohash_0.wav,right
a13e0a74_nohash_0.wav,go
51055bda_nohash_2.wav,right
964e8cfd_nohash_2.wav,right
f104f742_nohash_0.wav,right
10f2bb12_nohash_0.wav,right
e2286c18_nohash_2.wav,right
aef8dcf5_nohash_0.wav,go
d7a58714_nohash_0.wav,go
721f767c_nohash_1.wav,go
39a12648_nohash_3.wav,go
563aa4e6_nohash_0.wav,go
f839238a_nohash_0.wav,go
f92e49f3_nohash_3.wav,go
4a4e28f1_nohash_0.wav,go
f92e49f3_nohash_0.wav,go
94e6864f_nohash_1.wav,go
86402da1_nohash_0.wav,go
96c67073_nohash_2.wav,go
3d6bee47_nohash_1.wav,go
f4cae173_nohash_0.wav,go
7fd25f7c_nohash_3.wav,go
7fd25f7c_nohash_2.wav,go
329eab8a_nohash_0.wav,go
563aa4e6_nohash_4.wav,go
333784b7_nohash_1.wav,go
a0f93943_nohash_2.wav,go
721f767c_nohash_3.wav,go
7de97453_nohash_0.wav,go
106a6183_nohash_2.wav,unknown
6021f08b_nohash_1.wav,go
ea356919_nohash_2.wav,go
96c67073_nohash_1.wav,go
563aa4e6_nohash_1.wav,go
96c67073_nohash_0.wav,go
686d030b_nohash_0.wav,unknown
4a4e28f1_nohash_1.wav,go
7cfb1618_nohash_0.wav,go
ad63d93c_nohash_4.wav,go
8012c69d_nohash_3.wav,down
a13e0a74_nohash_2.wav,go
a8cf01bc_nohash_0.wav,go
c7aa72e6_nohash_0.wav,go
4290ca61_nohash_0.wav,go
7fd25f7c_nohash_4.wav,go
327289eb_nohash_0.wav,go
5ff3f9a1_nohash_1.wav,go
d33df435_nohash_1.wav,go
7f74626f_nohash_3.wav,go
6b889021_nohash_1.wav,go
51055bda_nohash_1.wav,go
5ff3f9a1_nohash_0.wav,go
d55aa56c_nohash_0.wav,go
3852fca2_nohash_0.wav,go
778a4a01_nohash_1.wav,go
434a267c_nohash_1.wav,go
3f2b358d_nohash_1.wav,up
8134f43f_nohash_3.wav,go
460f2bad_nohash_0.wav,go
74b73f88_nohash_0.wav,go
8012c69d_nohash_4.wav,go
bdee441c_nohash_4.wav,down
26e573a9_nohash_0.wav,go
b1114e4f_nohash_1.wav,go
f92e49f3_nohash_4.wav,go
ad63d93c_nohash_2.wav,go
a9b574b3_nohash_0.wav,go
1d1fe0a0_nohash_0.wav,go
42ccb57a_nohash_0.wav,go
ad63d93c_nohash_3.wav,go
016e2c6d_nohash_1.wav,go
8134f43f_nohash_2.wav,unknown
23ad12d8_nohash_0.wav,go
d1a4fb3f_nohash_0.wav,go
3209ec42_nohash_1.wav,go
fc28c8d8_nohash_0.wav,go
541120c7_nohash_0.wav,go
19e98e89_nohash_0.wav,go
bdee441c_nohash_0.wav,unknown
a0f93943_nohash_0.wav,go
ea356919_nohash_0.wav,go
7fd25f7c_nohash_1.wav,go
0ac15fe9_nohash_1.wav,go
8134f43f_nohash_0.wav,go
363c6bad_nohash_0.wav,go
7f74626f_nohash_4.wav,go
51055bda_nohash_0.wav,go
c7aa72e6_nohash_2.wav,go
483e2a6f_nohash_2.wav,go
a3fc7884_nohash_0.wav,go
6166ae21_nohash_0.wav,unknown
8134f43f_nohash_4.wav,unknown
afd53389_nohash_2.wav,go
0ac15fe9_nohash_0.wav,go
4f2be90f_nohash_0.wav,go
97e0c576_nohash_0.wav,go
42ccb57a_nohash_1.wav,go
a3fc7884_nohash_1.wav,go
563aa4e6_nohash_2.wav,stop
86402da1_nohash_1.wav,go
093f65a1_nohash_1.wav,go
3b853f44_nohash_0.wav,go
3efa7ec4_nohash_1.wav,go
106a6183_nohash_4.wav,go
da8fa823_nohash_1.wav,go
563aa4e6_nohash_3.wav,go
964e8cfd_nohash_0.wav,go
af405b69_nohash_0.wav,go
016e2c6d_nohash_2.wav,go
48bdc11c_nohash_0.wav,go
31d31fa0_nohash_0.wav,go
b93528e3_nohash_0.wav,go
9efe5140_nohash_1.wav,go
64da5281_nohash_0.wav,go
f7b43563_nohash_0.wav,go
56f8a100_nohash_0.wav,go
d33df435_nohash_0.wav,go
37fc5d97_nohash_0.wav,go
31d31fa0_nohash_1.wav,go
9a3f97f8_nohash_0.wav,go
106a6183_nohash_1.wav,go
bdee441c_nohash_2.wav,unknown
39a12648_nohash_2.wav,go
016e2c6d_nohash_0.wav,go
7f74626f_nohash_0.wav,go
7f74626f_nohash_2.wav,go
333784b7_nohash_3.wav,go
afd53389_nohash_0.wav,go
39a12648_nohash_1.wav,go
d4d898d7_nohash_0.wav,go
0cd323ec_nohash_0.wav,go
6d2d3b0d_nohash_0.wav,go
8dc26a15_nohash_0.wav,go
686d030b_nohash_3.wav,go
3209ec42_nohash_2.wav,go
51055bda_nohash_3.wav,go
721f767c_nohash_0.wav,go
964e8cfd_nohash_1.wav,go
333784b7_nohash_0.wav,go
5b09db89_nohash_1.wav,go
48bdc11c_nohash_1.wav,go
6021f08b_nohash_0.wav,go
51055bda_nohash_4.wav,go
4290ca61_nohash_1.wav,go
2e73212b_nohash_0.wav,go
b1114e4f_nohash_0.wav,go
6d2d3b0d_nohash_1.wav,go
6a014b29_nohash_1.wav,go
da2c5f1b_nohash_0.wav,go
173e6bbf_nohash_0.wav,go
4290ca61_nohash_2.wav,go
035de8fe_nohash_0.wav,go
0ea0e2f4_nohash_1.wav,go
686d030b_nohash_2.wav,go
106a6183_nohash_3.wav,go
5b09db89_nohash_3.wav,go
56f8a100_nohash_1.wav,go
eb6dab4a_nohash_0.wav,go
dc6e9c04_nohash_0.wav,go
44f68a83_nohash_0.wav,go
f839238a_nohash_1.wav,go
434a267c_nohash_0.wav,go
8c7c9168_nohash_0.wav,go
483e2a6f_nohash_1.wav,go
c7aa72e6_nohash_1.wav,go
26e573a9_nohash_2.wav,go
8012c69d_nohash_0.wav,go
39a12648_nohash_0.wav,go
333784b7_nohash_4.wav,go
f92e49f3_nohash_2.wav,go
778a4a01_nohash_2.wav,go
2167c2ed_nohash_0.wav,go
e6db3894_nohash_0.wav,go
3f2b358d_nohash_2.wav,no
6078eb0d_nohash_0.wav,go
5b09db89_nohash_0.wav,go
26e573a9_nohash_1.wav,go
173e6bbf_nohash_1.wav,go
106a6183_nohash_0.wav,go
34ba417a_nohash_0.wav,go
964e8cfd_nohash_4.wav,go
a0f93943_nohash_1.wav,go
1625acd8_nohash_0.wav,go
ad63d93c_nohash_0.wav,go
3852fca2_nohash_1.wav,go
bdee441c_nohash_1.wav,unknown
66aa0f29_nohash_0.wav,go
483e2a6f_nohash_0.wav,go
3209ec42_nohash_0.wav,go
5b09db89_nohash_2.wav,unknown
825f450d_nohash_1.wav,go
409c962a_nohash_0.wav,go
74b73f88_nohash_1.wav,go
78102205_nohash_0.wav,go
f839238a_nohash_2.wav,go
8012c69d_nohash_2.wav,go
6b889021_nohash_0.wav,go
bdee441c_nohash_3.wav,go
52e228e9_nohash_0.wav,go
f4cae173_nohash_2.wav,go
8012c69d_nohash_1.wav,down
6b7d5101_nohash_0.wav,go
f4cae173_nohash_1.wav,go
e62056e2_nohash_0.wav,go
3d6bee47_nohash_0.wav,go
093f65a1_nohash_0.wav,go
d55aa56c_nohash_1.wav,go
8db999cf_nohash_0.wav,go
39a12648_nohash_4.wav,go
a13e0a74_nohash_1.wav,go
964e8cfd_nohash_3.wav,go
b15fc37d_nohash_0.wav,go
afd53389_nohash_1.wav,go
8a28231e_nohash_0.wav,go
ad63d93c_nohash_1.wav,go
c24d96eb_nohash_0.wav,go
74b73f88_nohash_2.wav,go
3efa7ec4_nohash_0.wav,go
ea356919_nohash_1.wav,go
035de8fe_nohash_1.wav,go
94e6864f_nohash_0.wav,go
686d030b_nohash_4.wav,go
dce05676_nohash_0.wav,go
b84f83d2_nohash_0.wav,go
721f767c_nohash_2.wav,go
6a014b29_nohash_0.wav,go
2d82a556_nohash_0.wav,go
8c7b691a_nohash_0.wav,go
7fd25f7c_nohash_0.wav,go
016e2c6d_nohash_3.wav,go
e62056e2_nohash_1.wav,go
da8fa823_nohash_0.wav,go
8134f43f_nohash_1.wav,go
0ea0e2f4_nohash_0.wav,go
3a789a0d_nohash_0.wav,go
c86d4fd4_nohash_0.wav,go
f92e49f3_nohash_1.wav,go
18a1aab9_nohash_0.wav,go
a2473d62_nohash_0.wav,go
4290ca61_nohash_3.wav,go
7f74626f_nohash_1.wav,go
333784b7_nohash_2.wav,go
686d030b_nohash_1.wav,go
825f450d_nohash_0.wav,go
3f2b358d_nohash_3.wav,yes
9efe5140_nohash_0.wav,go
778a4a01_nohash_0.wav,go
3f2b358d_nohash_0.wav,yes
25c14394_nohash_0.wav,go
d55aa56c_nohash_2.wav,go
a13e0a74_nohash_0.wav,go
51055bda_nohash_2.wav,go
964e8cfd_nohash_2.wav,go
f104f742_nohash_0.wav,go
10f2bb12_nohash_0.wav,go
39a12648_nohash_3.wav,unknown
563aa4e6_nohash_0.wav,unknown
e5d2e09d_nohash_0.wav,unknown
86402da1_nohash_0.wav,unknown
7fd25f7c_nohash_3.wav,unknown
7fd25f7c_nohash_2.wav,unknown
23ad12d8_nohash_1.wav,unknown
106a6183_nohash_2.wav,unknown
a13e0a74_nohash_2.wav,unknown
1746d7b6_nohash_0.wav,unknown
3ae5c04f_nohash_1.wav,unknown
7eee5973_nohash_0.wav,unknown
5f814c23_nohash_1.wav,unknown
b5935410_nohash_0.wav,unknown
8134f43f_nohash_2.wav,unknown
f2ec8bdc_nohash_0.wav,unknown
6166ae21_nohash_0.wav,unknown
563aa4e6_nohash_2.wav,unknown
af405b69_nohash_0.wav,unknown
64da5281_nohash_0.wav,unknown
17cc40ee_nohash_1.wav,unknown
016e2c6d_nohash_0.wav,unknown
72320401_nohash_1.wav,unknown
39a12648_nohash_1.wav,unknown
1d1fe0a0_nohash_1.wav,unknown
857366dd_nohash_2.wav,unknown
721f767c_nohash_0.wav,unknown
333784b7_nohash_0.wav,unknown
5b09db89_nohash_1.wav,unknown
51055bda_nohash_4.wav,unknown
c099668c_nohash_0.wav,unknown
106a6183_nohash_3.wav,unknown
8c7c9168_nohash_0.wav,unknown
a0a8d759_nohash_0.wav,unknown
08ab8082_nohash_0.wav,unknown
2b3f509b_nohash_2.wav,unknown
3f2b358d_nohash_2.wav,no
d57febf0_nohash_0.wav,unknown
173e6bbf_nohash_1.wav,unknown
d9b8fab2_nohash_1.wav,unknown
52e228e9_nohash_0.wav,unknown
e62056e2_nohash_0.wav,unknown
035de8fe_nohash_1.wav,unknown
94e6864f_nohash_0.wav,unknown
2d82a556_nohash_0.wav,unknown
7096522d_nohash_0.wav,unknown
686d030b_nohash_1.wav,unknown
51055bda_nohash_2.wav,unknown
f104f742_nohash_0.wav,unknown
4407ba92_nohash_0.wav,unknown
c842b5e4_nohash_0.wav,unknown
f92e49f3_nohash_0.wav,unknown
1dce06e8_nohash_0.wav,unknown
e855b8f1_nohash_0.wav,unknown
686d030b_nohash_0.wav,unknown
4290ca61_nohash_0.wav,unknown
1746d7b6_nohash_0.wav,unknown
876c84d6_nohash_0.wav,unknown
981e2a16_nohash_1.wav,unknown
25c14394_nohash_1.wav,unknown
51055bda_nohash_0.wav,unknown
f104f742_nohash_1.wav,unknown
86402da1_nohash_1.wav,unknown
3efa7ec4_nohash_1.wav,up
e900b652_nohash_0.wav,unknown
7eee5973_nohash_1.wav,unknown
f7b43563_nohash_0.wav,unknown
f104f742_nohash_2.wav,unknown
eb6dab4a_nohash_1.wav,unknown
8c7c9168_nohash_0.wav,unknown
8012c69d_nohash_0.wav,unknown
fe291fa9_nohash_0.wav,unknown
94e6864f_nohash_2.wav,unknown
41dce6f5_nohash_0.wav,unknown
106a6183_nohash_0.wav,unknown
825f450d_nohash_1.wav,unknown
409c962a_nohash_0.wav,unknown
a2473d62_nohash_1.wav,unknown
c37a72d3_nohash_0.wav,unknown
b15fc37d_nohash_0.wav,unknown
c24d96eb_nohash_0.wav,unknown
ad6a46f1_nohash_0.wav,unknown
a2473d62_nohash_0.wav,unknown
72320401_nohash_0.wav,unknown
da2c5f1b_nohash_1.wav,unknown
4407ba92_nohash_0.wav,no
c842b5e4_nohash_0.wav,no
d7a58714_nohash_0.wav,no
8dc26a15_nohash_1.wav,no
39a12648_nohash_3.wav,no
563aa4e6_nohash_0.wav,no
f92e49f3_nohash_3.wav,no
f92e49f3_nohash_0.wav,no
f2dd248e_nohash_1.wav,no
96c67073_nohash_2.wav,no
6f1ffef6_nohash_1.wav,no
f4cae173_nohash_0.wav,no
7fd25f7c_nohash_3.wav,no
7fd25f7c_nohash_2.wav,no
a4e8a997_nohash_0.wav,no
1890e5c3_nohash_1.wav,no
563aa4e6_nohash_4.wav,no
333784b7_nohash_1.wav,no
1dce06e8_nohash_0.wav,no
106a6183_nohash_2.wav,no
96c67073_nohash_1.wav,no
6f1ffef6_nohash_0.wav,no
563aa4e6_nohash_1.wav,no
2e0d80f7_nohash_2.wav,no
96c67073_nohash_0.wav,no
686d030b_nohash_0.wav,no
ad63d93c_nohash_4.wav,no
8012c69d_nohash_3.wav,no
a8cf01bc_nohash_0.wav,no
f8ad3941_nohash_0.wav,no
c7aa72e6_nohash_0.wav,no
1746d7b6_nohash_0.wav,no
7fd25f7c_nohash_4.wav,no
7f74626f_nohash_3.wav,no
51055bda_nohash_1.wav,no
5ff3f9a1_nohash_0.wav,no
d55aa56c_nohash_0.wav,down
3852fca2_nohash_0.wav,no
64da5281_nohash_1.wav,no
5b09db89_nohash_4.wav,no
3f2b358d_nohash_1.wav,no
8134f43f_nohash_3.wav,no
876c84d6_nohash_0.wav,no
7eee5973_nohash_0.wav,no
3f2b358d_nohash_4.wav,no
c71e3acc_nohash_0.wav,no
8012c69d_nohash_4.wav,no
bdee441c_nohash_4.wav,unknown
541120c7_nohash_1.wav,no
c392e01d_nohash_0.wav,no
f92e49f3_nohash_4.wav,no
ad63d93c_nohash_2.wav,no
a2473d62_nohash_2.wav,no
a9b574b3_nohash_0.wav,no
ad63d93c_nohash_3.wav,no
981e2a16_nohash_1.wav,no
5f814c23_nohash_0.wav,no
b5935410_nohash_0.wav,no
d9b50b8b_nohash_0.wav,no
1528225c_nohash_1.wav,no
924c1a04_nohash_0.wav,no
8134f43f_nohash_2.wav,no
876c84d6_nohash_1.wav,no
541120c7_nohash_0.wav,no
19e98e89_nohash_0.wav,no
bdee441c_nohash_0.wav,unknown
2e0d80f7_nohash_0.wav,no
dc6e9c04_nohash_1.wav,no
0e17f595_nohash_0.wav,no
7fd25f7c_nohash_1.wav,no
17cc40ee_nohash_0.wav,no
3477fab6_nohash_0.wav,no
8134f43f_nohash_0.wav,unknown
363c6bad_nohash_0.wav,no
981e2a16_nohash_0.wav,no
7f74626f_nohash_4.wav,no
51055bda_nohash_0.wav,no
4407ba92_nohash_1.wav,no
c692524d_nohash_1.wav,no
cfde27ba_nohash_0.wav,no
a3fc7884_nohash_0.wav,no
88053e92_nohash_0.wav,no
64da5281_nohash_2.wav,no
8134f43f_nohash_4.wav,no
750e3e75_nohash_0.wav,no
563aa4e6_nohash_2.wav,no
3efa7ec4_nohash_1.wav,no
106a6183_nohash_4.wav,no
563aa4e6_nohash_3.wav,no
e900b652_nohash_0.wav,no
964e8cfd_nohash_0.wav,no
af405b69_nohash_0.wav,no
48bdc11c_nohash_0.wav,no
31d31fa0_nohash_0.wav,no
64da5281_nohash_0.wav,no
dd086776_nohash_0.wav,no
56f8a100_nohash_0.wav,no
9a3f97f8_nohash_0.wav,no
106a6183_nohash_1.wav,no
bdee441c_nohash_2.wav,no
39a12648_nohash_2.wav,no
17cc40ee_nohash_1.wav,no
9a3f97f8_nohash_1.wav,no
7f74626f_nohash_0.wav,no
7f74626f_nohash_2.wav,no
333784b7_nohash_3.wav,no
af405b69_nohash_1.wav,no
39a12648_nohash_1.wav,go
d4d898d7_nohash_0.wav,no
0cd323ec_nohash_0.wav,no
fe291fa9_nohash_1.wav,no
6d2d3b0d_nohash_0.wav,no
8dc26a15_nohash_0.wav,no
686d030b_nohash_3.wav,no
b15fc37d_nohash_1.wav,no
51055bda_nohash_3.wav,no
721f767c_nohash_0.wav,no
53fd1780_nohash_1.wav,no
bdee441c_nohash_5.wav,no
964e8cfd_nohash_1.wav,no
333784b7_nohash_0.wav,no
5b09db89_nohash_1.wav,no
695c2127_nohash_0.wav,no
48bdc11c_nohash_1.wav,no
6021f08b_nohash_0.wav,no
51055bda_nohash_4.wav,no
695c2127_nohash_1.wav,go
2e73212b_nohash_0.wav,no
b1114e4f_nohash_0.wav,no
6d2d3b0d_nohash_1.wav,no
c099668c_nohash_0.wav,no
6d2d3b0d_nohash_2.wav,no
da2c5f1b_nohash_0.wav,no
173e6bbf_nohash_0.wav,unknown
686d030b_nohash_2.wav,no
106a6183_nohash_3.wav,no
5b09db89_nohash_3.wav,no
56f8a100_nohash_1.wav,no
eb6dab4a_nohash_0.wav,no
dc6e9c04_nohash_0.wav,no
14df1e28_nohash_0.wav,no
8c7c9168_nohash_0.wav,no
483e2a6f_nohash_1.wav,no
6f1ffef6_nohash_2.wav,no
c7aa72e6_nohash_1.wav,no
a0a8d759_nohash_0.wav,no
8012c69d_nohash_0.wav,no
39a12648_nohash_0.wav,no
fe291fa9_nohash_0.wav,no
333784b7_nohash_4.wav,no
08ab8082_nohash_0.wav,no
f92e49f3_nohash_2.wav,no
1890e5c3_nohash_0.wav,no
e6db3894_nohash_0.wav,no
3f2b358d_nohash_2.wav,unknown
53fd1780_nohash_0.wav,no
6078eb0d_nohash_0.wav,no
5b09db89_nohash_0.wav,no
18a1aab9_nohash_1.wav,no
d57febf0_nohash_0.wav,no
106a6183_nohash_0.wav,no
34ba417a_nohash_0.wav,no
964e8cfd_nohash_4.wav,unknown
1625acd8_nohash_0.wav,no
0cd323ec_nohash_1.wav,no
ad63d93c_nohash_0.wav,no
f2dd248e_nohash_0.wav,no
bdee441c_nohash_1.wav,no
66aa0f29_nohash_0.wav,no
483e2a6f_nohash_0.wav,no
3209ec42_nohash_0.wav,unknown
5b09db89_nohash_2.wav,no
876c84d6_nohash_2.wav,no
409c962a_nohash_0.wav,no
78102205_nohash_0.wav,no
8012c69d_nohash_2.wav,no
bdee441c_nohash_3.wav,no
a2473d62_nohash_1.wav,no
8012c69d_nohash_1.wav,no
6b7d5101_nohash_0.wav,no
6c9223bd_nohash_0.wav,no
f4cae173_nohash_1.wav,no
e8e960fd_nohash_0.wav,no
c37a72d3_nohash_0.wav,no
1528225c_nohash_0.wav,no
3d6bee47_nohash_0.wav,no
093f65a1_nohash_0.wav,no
af405b69_nohash_2.wav,no
39a12648_nohash_4.wav,go
964e8cfd_nohash_3.wav,no
b15fc37d_nohash_0.wav,no
8a28231e_nohash_0.wav,no
34ba417a_nohash_1.wav,no
ad63d93c_nohash_1.wav,no
c24d96eb_nohash_0.wav,no
3efa7ec4_nohash_0.wav,no
686d030b_nohash_4.wav,no
dce05676_nohash_0.wav,no
b84f83d2_nohash_0.wav,no
6a014b29_nohash_0.wav,no
2d82a556_nohash_0.wav,no
7096522d_nohash_0.wav,no
8c7b691a_nohash_0.wav,no
7fd25f7c_nohash_0.wav,no
88053e92_nohash_1.wav,no
08ab8082_nohash_1.wav,no
1e8044b4_nohash_0.wav,no
8134f43f_nohash_1.wav,no
d7a58714_nohash_1.wav,no
0ea0e2f4_nohash_0.wav,no
f92e49f3_nohash_1.wav,no
18a1aab9_nohash_0.wav,no
a2473d62_nohash_0.wav,no
6078eb0d_nohash_1.wav,no
72320401_nohash_0.wav,no
7f74626f_nohash_1.wav,no
333784b7_nohash_2.wav,no
686d030b_nohash_1.wav,no
c692524d_nohash_0.wav,no
825f450d_nohash_0.wav,no
3f2b358d_nohash_3.wav,no
9efe5140_nohash_0.wav,no
778a4a01_nohash_0.wav,no
3f2b358d_nohash_0.wav,no
e900b652_nohash_1.wav,no
a13e0a74_nohash_0.wav,no
51055bda_nohash_2.wav,unknown
964e8cfd_nohash_2.wav,no
f104f742_nohash_0.wav,no
2e0d80f7_nohash_1.wav,no
10f2bb12_nohash_0.wav,no
4407ba92_nohash_0.wav,up
aef8dcf5_nohash_0.wav,up
c842b5e4_nohash_0.wav,up
d7a58714_nohash_0.wav,up
721f767c_nohash_1.wav,up
39a12648_nohash_3.wav,up
563aa4e6_nohash_0.wav,up
da2c5f1b_nohash_4.wav,up
cfde27ba_nohash_1.wav,up
f92e49f3_nohash_3.wav,up
4a4e28f1_nohash_0.wav,up
f92e49f3_nohash_0.wav,up
1890e5c3_nohash_3.wav,up
94e6864f_nohash_1.wav,up
857366dd_nohash_0.wav,up
f2dd248e_nohash_1.wav,up
86402da1_nohash_0.wav,up
7fd25f7c_nohash_3.wav,up
7fd25f7c_nohash_2.wav,up
c099668c_nohash_2.wav,up
23ad12d8_nohash_1.wav,up
1890e5c3_nohash_1.wav,up
dce05676_nohash_1.wav,up
563aa4e6_nohash_4.wav,up
333784b7_nohash_1.wav,up
da2c5f1b_nohash_2.wav,up
1dce06e8_nohash_0.wav,up
7de97453_nohash_0.wav,up
106a6183_nohash_2.wav,up
ea356919_nohash_2.wav,up
563aa4e6_nohash_1.wav,up
78102205_nohash_1.wav,up
587f3271_nohash_0.wav,up
10f2bb12_nohash_1.wav,up
44f68a83_nohash_2.wav,up
96c67073_nohash_0.wav,up
686d030b_nohash_0.wav,up
4a4e28f1_nohash_1.wav,up
7cfb1618_nohash_0.wav,up
f7b43563_nohash_1.wav,up
ad63d93c_nohash_4.wav,up
8012c69d_nohash_3.wav,up
a0a8d759_nohash_1.wav,up
a8cf01bc_nohash_0.wav,up
f8ad3941_nohash_0.wav,up
c7aa72e6_nohash_0.wav,up
4290ca61_nohash_0.wav,up
1746d7b6_nohash_0.wav,up
7fd25f7c_nohash_4.wav,up
327289eb_nohash_0.wav,up
7f74626f_nohash_3.wav,left
51055bda_nohash_1.wav,up
5ff3f9a1_nohash_0.wav,up
363c6bad_nohash_1.wav,up
eefd26f3_nohash_0.wav,up
3852fca2_nohash_0.wav,up
5b09db89_nohash_4.wav,up
3f2b358d_nohash_1.wav,yes
8134f43f_nohash_3.wav,off
74b73f88_nohash_0.wav,up
c71e3acc_nohash_0.wav,up
8012c69d_nohash_4.wav,up
bdee441c_nohash_4.wav,off
26e573a9_nohash_0.wav,up
c392e01d_nohash_0.wav,up
f92e49f3_nohash_4.wav,up
ad63d93c_nohash_2.wav,unknown
ad63d93c_nohash_3.wav,up
37fc5d97_nohash_3.wav,up
44f68a83_nohash_1.wav,up
b5935410_nohash_0.wav,up
d9b50b8b_nohash_0.wav,up
8134f43f_nohash_2.wav,up
23ad12d8_nohash_0.wav,up
3ae5c04f_nohash_0.wav,up
19e98e89_nohash_0.wav,up
bdee441c_nohash_0.wav,up
2e0d80f7_nohash_0.wav,up
0e17f595_nohash_0.wav,up
ea356919_nohash_0.wav,up
7fd25f7c_nohash_1.wav,up
17cc40ee_nohash_0.wav,up
8134f43f_nohash_0.wav,up
363c6bad_nohash_0.wav,up
7f74626f_nohash_4.wav,unknown
51055bda_nohash_0.wav,up
c7aa72e6_nohash_2.wav,up
cfde27ba_nohash_0.wav,up
a3fc7884_nohash_0.wav,up
88053e92_nohash_0.wav,up
c86d4fd4_nohash_1.wav,up
2e73212b_nohash_1.wav,up
8134f43f_nohash_4.wav,up
c099668c_nohash_1.wav,up
0ac15fe9_nohash_0.wav,up
4f2be90f_nohash_0.wav,up
97e0c576_nohash_0.wav,up
563aa4e6_nohash_2.wav,up
37fc5d97_nohash_1.wav,up
106a6183_nohash_4.wav,up
563aa4e6_nohash_3.wav,up
e900b652_nohash_0.wav,up
964e8cfd_nohash_0.wav,up
b93528e3_nohash_0.wav,up
f7b43563_nohash_0.wav,off
dd086776_nohash_0.wav,up
56f8a100_nohash_0.wav,up
d33df435_nohash_0.wav,up
fe291fa9_nohash_2.wav,up
37fc5d97_nohash_0.wav,up
9a3f97f8_nohash_0.wav,up
106a6183_nohash_1.wav,up
bdee441c_nohash_2.wav,off
39a12648_nohash_2.wav,up
016e2c6d_nohash_0.wav,up
7f74626f_nohash_0.wav,up
7f74626f_nohash_2.wav,up
333784b7_nohash_3.wav,up
afd53389_nohash_0.wav,up
39a12648_nohash_1.wav,off
0cd323ec_nohash_0.wav,off
fe291fa9_nohash_1.wav,up
6d2d3b0d_nohash_0.wav,up
8dc26a15_nohash_0.wav,up
686d030b_nohash_3.wav,up
51055bda_nohash_3.wav,on
721f767c_nohash_0.wav,up
964e8cfd_nohash_1.wav,up
333784b7_nohash_0.wav,up
5b09db89_nohash_1.wav,up
695c2127_nohash_0.wav,up
51055bda_nohash_4.wav,up
44f68a83_nohash_3.wav,up
2e73212b_nohash_0.wav,up
d9b50b8b_nohash_1.wav,up
6d2d3b0d_nohash_1.wav,up
c099668c_nohash_0.wav,up
6d2d3b0d_nohash_2.wav,up
da2c5f1b_nohash_0.wav,up
035de8fe_nohash_0.wav,up
686d030b_nohash_2.wav,up
106a6183_nohash_3.wav,up
5b09db89_nohash_3.wav,up
56f8a100_nohash_1.wav,up
44f68a83_nohash_0.wav,up
434a267c_nohash_0.wav,up
1890e5c3_nohash_2.wav,up
c7aa72e6_nohash_1.wav,up
a0a8d759_nohash_0.wav,up
8012c69d_nohash_0.wav,up
c842b5e4_nohash_2.wav,up
39a12648_nohash_0.wav,off
fe291fa9_nohash_0.wav,up
18a1aab9_nohash_4.wav,up
333784b7_nohash_4.wav,up
f92e49f3_nohash_2.wav,up
1890e5c3_nohash_0.wav,up
e6db3894_nohash_0.wav,up
3f2b358d_nohash_2.wav,no
6078eb0d_nohash_0.wav,up
5b09db89_nohash_0.wav,up
26e573a9_nohash_1.wav,up
1dce06e8_nohash_1.wav,up
18a1aab9_nohash_1.wav,up
c392e01d_nohash_1.wav,up
106a6183_nohash_0.wav,up
964e8cfd_nohash_4.wav,up
d9b8fab2_nohash_1.wav,up
18a1aab9_nohash_3.wav,up
1625acd8_nohash_0.wav,up
ad63d93c_nohash_0.wav,unknown
f2dd248e_nohash_0.wav,up
bdee441c_nohash_1.wav,up
66aa0f29_nohash_0.wav,up
5b09db89_nohash_2.wav,up
825f450d_nohash_1.wav,up
409c962a_nohash_0.wav,up
74b73f88_nohash_1.wav,up
78102205_nohash_0.wav,up
8012c69d_nohash_2.wav,up
bdee441c_nohash_3.wav,unknown
52e228e9_nohash_0.wav,up
8012c69d_nohash_1.wav,up
6c9223bd_nohash_0.wav,up
c842b5e4_nohash_1.wav,up
e8e960fd_nohash_1.wav,up
e8e960fd_nohash_0.wav,up
c37a72d3_nohash_0.wav,up
e62056e2_nohash_0.wav,up
3d6bee47_nohash_0.wav,up
093f65a1_nohash_0.wav,up
7de97453_nohash_1.wav,up
39a12648_nohash_4.wav,up
964e8cfd_nohash_3.wav,up
d9b8fab2_nohash_0.wav,up
327289eb_nohash_1.wav,up
ad63d93c_nohash_1.wav,up
c24d96eb_nohash_0.wav,up
f3957e23_nohash_0.wav,up
3efa7ec4_nohash_0.wav,up
ea356919_nohash_1.wav,up
94e6864f_nohash_0.wav,up
686d030b_nohash_4.wav,up
dce05676_nohash_0.wav,up
2d82a556_nohash_0.wav,up
8c7b691a_nohash_0.wav,up
7fd25f7c_nohash_0.wav,up
18a1aab9_nohash_2.wav,up
8134f43f_nohash_1.wav,up
3a789a0d_nohash_0.wav,up
c86d4fd4_nohash_0.wav,up
ad6a46f1_nohash_0.wav,up
b93528e3_nohash_1.wav,up
f92e49f3_nohash_1.wav,up
18a1aab9_nohash_0.wav,up
72320401_nohash_0.wav,up
da2c5f1b_nohash_3.wav,up
7f74626f_nohash_1.wav,up
333784b7_nohash_2.wav,up
37fc5d97_nohash_2.wav,up
686d030b_nohash_1.wav,up
825f450d_nohash_0.wav,up
3f2b358d_nohash_0.wav,yes
25c14394_nohash_0.wav,up
da2c5f1b_nohash_1.wav,up
a13e0a74_nohash_0.wav,up
51055bda_nohash_2.wav,up
964e8cfd_nohash_2.wav,up
10f2bb12_nohash_0.wav,off
563aa4e6_nohash_0.wav,silence
6b7d5101_nohash_1.wav,unknown
7de97453_nohash_0.wav,unknown
10f2bb12_nohash_1.wav,unknown
686d030b_nohash_0.wav,unknown
d55aa56c_nohash_0.wav,unknown
876c84d6_nohash_0.wav,unknown
74b73f88_nohash_0.wav,unknown
19e98e89_nohash_0.wav,unknown
981e2a16_nohash_0.wav,unknown
964e8cfd_nohash_0.wav,unknown
af405b69_nohash_0.wav,unknown
31d31fa0_nohash_0.wav,unknown
d33df435_nohash_0.wav,unknown
d4d898d7_nohash_0.wav,unknown
937b433e_nohash_1.wav,unknown
53fd1780_nohash_1.wav,unknown
035de8fe_nohash_0.wav,unknown
329eab8a_nohash_1.wav,unknown
fe291fa9_nohash_0.wav,unknown
34ba417a_nohash_0.wav,unknown
409c962a_nohash_0.wav,unknown
093f65a1_nohash_0.wav,unknown
7de97453_nohash_1.wav,unknown
7fd25f7c_nohash_0.wav,unknown
e62056e2_nohash_1.wav,unknown
18a1aab9_nohash_0.wav,unknown
e900b652_nohash_1.wav,unknown
d55aa56c_nohash_2.wav,unknown
f104f742_nohash_0.wav,unknown
10f2bb12_nohash_0.wav,unknown
